created_at,id,id_str,text,full_text,truncated,entities,source,in_reply_to_status_id,in_reply_to_status_id_str,in_reply_to_user_id,in_reply_to_user_id_str,in_reply_to_screen_name,geo,coordinates,place,contributors,is_quote_status,retweet_count,favorite_count,favorited,favorited_by,retweeted,scopes,lang,possibly_sensitive,display_text_width,display_text_range,retweeted_status,quoted_status,quoted_status_id,quoted_status_id_str,quoted_status_permalink,quote_count,timestamp_ms,reply_count,filter_level,metadata,query,withheld_scope,withheld_copyright,withheld_in_countries,possibly_sensitive_appealable
2023-01-29T21:38:00Z,161981212715767e4,1619812127157669888,"â•3ï¸âƒ£.
Este es el camino ğŸ’ªğŸ¾.

#AÃºpaPucela #LaLiga https://t.co/NYFB1ZW5UV","â•3ï¸âƒ£.
Este es el camino ğŸ’ªğŸ¾.

#AÃºpaPucela #LaLiga https://t.co/NYFB1ZW5UV",FALSE,,"<a href=""http://twitter.com/download/iphone"" rel=""nofollow"">Twitter for iPhone</a>",NA,NA,NA,NA,NA,,,,NA,FALSE,33,1442,FALSE,NA,FALSE,NA,es,FALSE,NA,48,NA,,NA,NA,,NA,NA,NA,NA,NA,NA,NA,NA,NA,NA
2023-01-28T20:06:17Z,1619426657617719300,1619426657617719296,"#MATCHDAY ğŸŸ£âšªï¸ 

@realvalladolid ğŸ†š Valencia

#AÃºpaPucela #LaLiga https://t.co/oHFPe2pUKD","#MATCHDAY ğŸŸ£âšªï¸ 

@realvalladolid ğŸ†š Valencia

#AÃºpaPucela #LaLiga https://t.co/oHFPe2pUKD",FALSE,,"<a href=""http://twitter.com/download/iphone"" rel=""nofollow"">Twitter for iPhone</a>",NA,NA,NA,NA,NA,,,,NA,FALSE,20,538,FALSE,NA,FALSE,NA,es,FALSE,NA,63,NA,,NA,NA,,NA,NA,NA,NA,NA,NA,NA,NA,NA,NA
2023-01-21T09:48:04Z,1616734363470958600,1616734363470958592,"#MATCHDAY ğŸŸ£âšªï¸ 

AtlÃ©tico de Madrid ğŸ†š @realvalladolid 

#AÃºpaPucela #LaLiga https://t.co/s5vN6uQ0N6","#MATCHDAY ğŸŸ£âšªï¸ 

AtlÃ©tico de Madrid ğŸ†š @realvalladolid 

#AÃºpaPucela #LaLiga https://t.co/s5vN6uQ0N6",FALSE,,"<a href=""http://twitter.com/download/iphone"" rel=""nofollow"">Twitter for iPhone</a>",NA,NA,NA,NA,NA,,,,NA,FALSE,10,200,FALSE,NA,FALSE,NA,pt,FALSE,NA,74,NA,,NA,NA,,NA,NA,NA,NA,NA,NA,NA,NA,NA,NA
2023-01-13T21:25:36Z,1614010798988316700,1614010798988316691,"#MATCHDAY ğŸŸ£âšªï¸ 

@realvalladolid ğŸ†š Rayo Vallecano

#AÃºpaPucela #LaLiga https://t.co/a9hw1TEDGM","#MATCHDAY ğŸŸ£âšªï¸ 

@realvalladolid ğŸ†š Rayo Vallecano

#AÃºpaPucela #LaLiga https://t.co/a9hw1TEDGM",FALSE,,"<a href=""http://twitter.com/download/iphone"" rel=""nofollow"">Twitter for iPhone</a>",NA,NA,NA,NA,NA,,,,NA,FALSE,13,424,FALSE,NA,FALSE,NA,es,FALSE,NA,69,NA,,NA,NA,,NA,NA,NA,NA,NA,NA,NA,NA,NA,NA
2023-01-13T15:00:51Z,1613913975447605200,1613913975447605249,"EstarÃ© siempre agradecido por la oportunidad y la confianza que siempre me has dado profe. 
Mucha suerte en el lo que viene ğŸ™ğŸ¾. https://t.co/r5OSn5dD2V","EstarÃ© siempre agradecido por la oportunidad y la confianza que siempre me has dado profe. 
Mucha suerte en el lo que viene ğŸ™ğŸ¾. https://t.co/r5OSn5dD2V",FALSE,,"<a href=""http://twitter.com/download/iphone"" rel=""nofollow"">Twitter for iPhone</a>",NA,NA,NA,NA,NA,,,,NA,FALSE,148,3684,FALSE,NA,FALSE,NA,es,FALSE,NA,127,NA,,NA,NA,,NA,NA,NA,NA,NA,NA,NA,NA,NA,NA
2023-01-07T11:48:37Z,1611691272745500700,1611691272745500672,"#MATCHDAY ğŸŸ£âšªï¸ 

Mallorca ğŸ†š @realvalladolid 

#AÃºpaPucela #LaLiga https://t.co/TWXzHOskmS","#MATCHDAY ğŸŸ£âšªï¸ 

Mallorca ğŸ†š @realvalladolid 

#AÃºpaPucela #LaLiga https://t.co/TWXzHOskmS",FALSE,,"<a href=""http://twitter.com/download/iphone"" rel=""nofollow"">Twitter for iPhone</a>",NA,NA,NA,NA,NA,,,,NA,FALSE,26,607,FALSE,NA,FALSE,NA,it,FALSE,NA,64,NA,,NA,NA,,NA,NA,NA,NA,NA,NA,NA,NA,NA,NA
2023-01-04T14:22:34Z,1610642851528085500,1610642851528085505,"#MATCHDAY #CopaDelRey ğŸŸ£âšªï¸ 

Deportivo AlavÃ©s ğŸ†š @realvalladolid 

#AÃºpaPucela https://t.co/7IDH5j6nZE","#MATCHDAY #CopaDelRey ğŸŸ£âšªï¸ 

Deportivo AlavÃ©s ğŸ†š @realvalladolid 

#AÃºpaPucela https://t.co/7IDH5j6nZE",FALSE,,"<a href=""http://twitter.com/download/iphone"" rel=""nofollow"">Twitter for iPhone</a>",NA,NA,NA,NA,NA,,,,NA,FALSE,18,509,FALSE,NA,FALSE,NA,pt,FALSE,NA,76,NA,,NA,NA,,NA,NA,NA,NA,NA,NA,NA,NA,NA,NA
2022-12-30T15:09:31Z,1.6088427250839839e+18,1608842725083983873,"Vuelve @LaLiga ğŸŸ£âšªï¸ 

@realvalladolid ğŸ†š Real Madrid

#AÃºpaPucela #MatchDay https://t.co/j08k0K7TRu","Vuelve @LaLiga ğŸŸ£âšªï¸ 

@realvalladolid ğŸ†š Real Madrid

#AÃºpaPucela #MatchDay https://t.co/j08k0K7TRu",FALSE,,"<a href=""http://twitter.com/download/iphone"" rel=""nofollow"">Twitter for iPhone</a>",NA,NA,NA,NA,NA,,,,NA,FALSE,18,503,FALSE,NA,FALSE,NA,es,FALSE,NA,73,NA,,NA,NA,,NA,NA,NA,NA,NA,NA,NA,NA,NA,NA
2022-12-21T12:54:15Z,160554719479842e4,1605547194798419968,"#MATCHDAY #CopaDelRey ğŸŸ£âšªï¸ 

Arenas Club ğŸ†š @realvalladolid 

#AÃºpaPucela https://t.co/5sSozCL0xv","#MATCHDAY #CopaDelRey ğŸŸ£âšªï¸ 

Arenas Club ğŸ†š @realvalladolid 

#AÃºpaPucela https://t.co/5sSozCL0xv",FALSE,,"<a href=""http://twitter.com/download/iphone"" rel=""nofollow"">Twitter for iPhone</a>",NA,NA,NA,NA,NA,,,,NA,FALSE,40,1106,FALSE,NA,FALSE,NA,en,FALSE,NA,71,NA,,NA,NA,,NA,NA,NA,NA,NA,NA,NA,NA,NA,NA
2022-11-30T17:01:00Z,1597999145721409500,1597999145721409536,"Dolidos por cÃ³mo se acaba nuestro Mundial, pero muy agradecidos por su apoyo ğŸ‡ªğŸ‡¨ğŸ™ğŸ¾. 

El equipo se vaciÃ³ y estoy muy orgulloso de todos. No tengan duda que volveremos mÃ¡s fuertes ğŸ’ªğŸ¾.

#Qatar2022 #WorldCup https://t.co/ElxiQRa210","Dolidos por cÃ³mo se acaba nuestro Mundial, pero muy agradecidos por su apoyo ğŸ‡ªğŸ‡¨ğŸ™ğŸ¾. 

El equipo se vaciÃ³ y estoy muy orgulloso de todos. No tengan duda que volveremos mÃ¡s fuertes ğŸ’ªğŸ¾.

#Qatar2022 #WorldCup https://t.co/ElxiQRa210",FALSE,,"<a href=""http://twitter.com/download/iphone"" rel=""nofollow"">Twitter for iPhone</a>",NA,NA,NA,NA,NA,,,,NA,FALSE,1115,15713,FALSE,NA,FALSE,NA,es,FALSE,NA,203,NA,,NA,NA,,NA,NA,NA,NA,NA,NA,NA,NA,NA,NA
2022-11-29T09:09:12Z,1597518027456925700,1597518027456925697,"Con todo @LaTri âš½ï¸ğŸ‡ªğŸ‡¨

#HaremosHistoria #Qatar2022Â  #WorldCup https://t.co/Q0nix4tM2E","Con todo @LaTri âš½ï¸ğŸ‡ªğŸ‡¨

#HaremosHistoria #Qatar2022Â  #WorldCup https://t.co/Q0nix4tM2E",FALSE,,"<a href=""http://twitter.com/download/iphone"" rel=""nofollow"">Twitter for iPhone</a>",NA,NA,NA,NA,NA,,,,NA,FALSE,181,2420,FALSE,NA,FALSE,NA,es,FALSE,NA,60,NA,,NA,NA,,NA,NA,NA,NA,NA,NA,NA,NA,NA,NA
2022-11-25T20:59:25Z,1596247206712975400,1596247206712975363,Seguimos juntos y con la fe intacta ğŸ‡ªğŸ‡¨ğŸ‡ªğŸ‡¨ğŸ‡ªğŸ‡¨ğŸ™ŒğŸ»ğŸ™ŒğŸ»ğŸ™ŒğŸ» https://t.co/1HwmgyVTnz,Seguimos juntos y con la fe intacta ğŸ‡ªğŸ‡¨ğŸ‡ªğŸ‡¨ğŸ‡ªğŸ‡¨ğŸ™ŒğŸ»ğŸ™ŒğŸ»ğŸ™ŒğŸ» https://t.co/1HwmgyVTnz,FALSE,,"<a href=""http://twitter.com/download/iphone"" rel=""nofollow"">Twitter for iPhone</a>",NA,NA,NA,NA,NA,,,,NA,FALSE,1452,22709,FALSE,NA,FALSE,NA,es,FALSE,NA,48,NA,,NA,NA,,NA,NA,NA,NA,NA,NA,NA,NA,NA,NA
2022-11-25T12:11:12Z,1596114276250435600,1596114276250435589,"Vamos @LaTri ğŸ‡ªğŸ‡¨

#HaremosHistoria #Qatar2022 #WorldCup https://t.co/ebLaxOSwtT","Vamos @LaTri ğŸ‡ªğŸ‡¨

#HaremosHistoria #Qatar2022 #WorldCup https://t.co/ebLaxOSwtT",FALSE,,"<a href=""http://twitter.com/download/iphone"" rel=""nofollow"">Twitter for iPhone</a>",NA,NA,NA,NA,NA,,,,NA,FALSE,140,1871,FALSE,NA,FALSE,NA,es,FALSE,NA,54,NA,,NA,NA,,NA,NA,NA,NA,NA,NA,NA,NA,NA,NA
2022-11-22T11:56:42Z,1595023464406319e3,1595023464406319104,"SueÃ±o cumplido ğŸ‡ªğŸ‡¨âš½ï¸ğŸ¤© @LaTri @fifaworldcup_es 

#HaremosHistoria #Qatar2022 #WorldCup https://t.co/DbZPunpll8","SueÃ±o cumplido ğŸ‡ªğŸ‡¨âš½ï¸ğŸ¤© @LaTri @fifaworldcup_es 

#HaremosHistoria #Qatar2022 #WorldCup https://t.co/DbZPunpll8",FALSE,,"<a href=""http://twitter.com/download/iphone"" rel=""nofollow"">Twitter for iPhone</a>",NA,NA,NA,NA,NA,,,,NA,FALSE,67,1360,FALSE,NA,FALSE,NA,es,FALSE,NA,84,NA,,NA,NA,,NA,NA,NA,NA,NA,NA,NA,NA,NA,NA
2022-11-20T20:25:30Z,1594426730554527700,1594426730554527745,"Esta victoria es por ustedes ğŸ‡ªğŸ‡¨ğŸ™ğŸ¾.
Â¡Vamos a por mÃ¡s @LaTri!

#HaremosHistoria #WorldCup https://t.co/fL7Jfaw6xb","Esta victoria es por ustedes ğŸ‡ªğŸ‡¨ğŸ™ğŸ¾.
Â¡Vamos a por mÃ¡s @LaTri!

#HaremosHistoria #WorldCup https://t.co/fL7Jfaw6xb",FALSE,,"<a href=""http://twitter.com/download/iphone"" rel=""nofollow"">Twitter for iPhone</a>",NA,NA,NA,NA,NA,,,,NA,FALSE,675,9301,FALSE,NA,FALSE,NA,es,FALSE,NA,87,NA,,NA,NA,,NA,NA,NA,NA,NA,NA,NA,NA,NA,NA
2022-11-20T09:15:13Z,1594258048230756400,1594258048230756352,"LlegÃ³ el momento @LaTri ğŸ‡ªğŸ‡¨.
Arranca la @fifaworldcup_es ğŸ’ªğŸ¾. https://t.co/Vj0nUI19mi","LlegÃ³ el momento @LaTri ğŸ‡ªğŸ‡¨.
Arranca la @fifaworldcup_es ğŸ’ªğŸ¾. https://t.co/Vj0nUI19mi",FALSE,,"<a href=""http://twitter.com/download/iphone"" rel=""nofollow"">Twitter for iPhone</a>",NA,NA,NA,NA,NA,,,,NA,FALSE,215,3113,FALSE,NA,FALSE,NA,es,FALSE,NA,59,NA,,NA,NA,,NA,NA,NA,NA,NA,NA,NA,NA,NA,NA
2022-11-17T17:21:41Z,1593293307089674200,1593293307089674240,"ğŸ‡ªğŸ‡¨âš½ï¸ğŸ‘€
Â¡Vamos @LaTri!

#HaremosHistoria #WorldCup #Qatar2022 https://t.co/s8KEgXfMU4","ğŸ‡ªğŸ‡¨âš½ï¸ğŸ‘€
Â¡Vamos @LaTri!

#HaremosHistoria #WorldCup #Qatar2022 https://t.co/s8KEgXfMU4",FALSE,,"<a href=""http://twitter.com/download/iphone"" rel=""nofollow"">Twitter for iPhone</a>",NA,NA,NA,NA,NA,,,,NA,FALSE,34,941,FALSE,NA,FALSE,NA,es,FALSE,NA,59,NA,,NA,NA,,NA,NA,NA,NA,NA,NA,NA,NA,NA,NA
2022-11-15T14:53:39Z,1592531277496062e3,1592531277496061957,"SoÃ±emos en grande @LaTri ğŸ‡ªğŸ‡¨âš½ï¸ğŸ™ğŸ¾
#JuntosConLaTri #WorldCup https://t.co/IRQFokECVN","SoÃ±emos en grande @LaTri ğŸ‡ªğŸ‡¨âš½ï¸ğŸ™ğŸ¾
#JuntosConLaTri #WorldCup https://t.co/IRQFokECVN",FALSE,,"<a href=""http://twitter.com/download/iphone"" rel=""nofollow"">Twitter for iPhone</a>",NA,NA,NA,NA,NA,,,,NA,FALSE,192,2538,FALSE,NA,FALSE,NA,es,FALSE,NA,57,NA,,NA,NA,,NA,NA,NA,NA,NA,NA,NA,NA,NA,NA
2022-11-04T20:45:45Z,1588633621505929200,1588633621505929217,"#MATCHDAY #LaLigaSantander ğŸŸ£âšªï¸ 

@realvalladolid ğŸ†š Elche CF

#AÃºpaPucela #LaLiga https://t.co/H9kwHOKP7J","#MATCHDAY #LaLigaSantander ğŸŸ£âšªï¸ 

@realvalladolid ğŸ†š Elche CF

#AÃºpaPucela #LaLiga https://t.co/H9kwHOKP7J",FALSE,,"<a href=""http://twitter.com/download/iphone"" rel=""nofollow"">Twitter for iPhone</a>",NA,NA,NA,NA,NA,,,,NA,FALSE,16,507,FALSE,NA,FALSE,NA,es,FALSE,NA,80,NA,,NA,NA,,NA,NA,NA,NA,NA,NA,NA,NA,NA,NA
2022-11-01T21:04:26Z,1587551159681962e3,1587551159681961984,Gracias a todos por las felicitacionesğŸ‰ğŸ¥³ https://t.co/8xQorL9HyT,Gracias a todos por las felicitacionesğŸ‰ğŸ¥³ https://t.co/8xQorL9HyT,FALSE,,"<a href=""http://twitter.com/download/iphone"" rel=""nofollow"">Twitter for iPhone</a>",NA,NA,NA,NA,NA,,,,NA,FALSE,33,1346,FALSE,NA,FALSE,NA,es,FALSE,NA,40,NA,,NA,NA,,NA,NA,NA,NA,NA,NA,NA,NA,NA,NA
2022-10-29T19:06:14Z,1586434249531527200,1586434249531527169,"#MATCHDAY #LaLigaSantander ğŸŸ£âšªï¸ 

Osasuna ğŸ†š @realvalladolid 

#AÃºpaPucela #LaLiga https://t.co/qmiWVZLrie","#MATCHDAY #LaLigaSantander ğŸŸ£âšªï¸ 

Osasuna ğŸ†š @realvalladolid 

#AÃºpaPucela #LaLiga https://t.co/qmiWVZLrie",FALSE,,"<a href=""http://twitter.com/download/iphone"" rel=""nofollow"">Twitter for iPhone</a>",NA,NA,NA,NA,NA,,,,NA,FALSE,15,298,FALSE,NA,FALSE,NA,eu,FALSE,NA,80,NA,,NA,NA,,NA,NA,NA,NA,NA,NA,NA,NA,NA,NA
2022-09-30T19:35:40Z,1575932411417763800,1575932411417763840,"#MATCHDAY #LaLigaSantander ğŸŸ£âšªï¸ 

Getafe CF ğŸ†š @realvalladolid 

#AÃºpaPucela #LaLiga https://t.co/kZF5u5DmuW","#MATCHDAY #LaLigaSantander ğŸŸ£âšªï¸ 

Getafe CF ğŸ†š @realvalladolid 

#AÃºpaPucela #LaLiga https://t.co/kZF5u5DmuW",FALSE,,"<a href=""http://twitter.com/download/iphone"" rel=""nofollow"">Twitter for iPhone</a>",NA,NA,NA,NA,NA,,,,NA,FALSE,11,480,FALSE,NA,FALSE,NA,in,FALSE,NA,82,NA,,NA,NA,,NA,NA,NA,NA,NA,NA,NA,NA,NA,NA
2022-09-24T14:24:39Z,1573679811301621800,1573679811301621760,"Continuamos la preparaciÃ³n para el Mundial ğŸ‡ªğŸ‡¨.

#JuntosAQatar https://t.co/tpTgCc1Wxd","Continuamos la preparaciÃ³n para el Mundial ğŸ‡ªğŸ‡¨.

#JuntosAQatar https://t.co/tpTgCc1Wxd",FALSE,,"<a href=""http://twitter.com/download/iphone"" rel=""nofollow"">Twitter for iPhone</a>",NA,NA,NA,NA,NA,,,,NA,FALSE,51,1923,FALSE,NA,FALSE,NA,es,FALSE,NA,61,NA,,NA,NA,,NA,NA,NA,NA,NA,NA,NA,NA,NA,NA
2022-09-23T12:07:41Z,1573282956801720300,1573282956801720325,"Vuelve @LaTri ğŸ‡ªğŸ‡¨

Arabia Saudita ğŸ†š Ecuador
 
#JuntosAQatar #MatchDay https://t.co/WSGt3wUd79","Vuelve @LaTri ğŸ‡ªğŸ‡¨

Arabia Saudita ğŸ†š Ecuador
 
#JuntosAQatar #MatchDay https://t.co/WSGt3wUd79",FALSE,,"<a href=""http://twitter.com/download/iphone"" rel=""nofollow"">Twitter for iPhone</a>",NA,NA,NA,NA,NA,,,,NA,FALSE,68,1392,FALSE,NA,FALSE,NA,es,FALSE,NA,68,NA,,NA,NA,,NA,NA,NA,NA,NA,NA,NA,NA,NA,NA
2022-09-16T12:20:51Z,1570749552260698e3,1570749552260698112,"#MATCHDAY #LaLigaSantander ğŸŸ£âšªï¸ 

@realvalladolid ğŸ†š CÃ¡diz CF

#AÃºpaPucela #LaLiga https://t.co/gGBeaqwoZs","#MATCHDAY #LaLigaSantander ğŸŸ£âšªï¸ 

@realvalladolid ğŸ†š CÃ¡diz CF

#AÃºpaPucela #LaLiga https://t.co/gGBeaqwoZs",FALSE,,"<a href=""http://twitter.com/download/iphone"" rel=""nofollow"">Twitter for iPhone</a>",NA,NA,NA,NA,NA,,,,NA,FALSE,21,862,FALSE,NA,FALSE,NA,es,FALSE,NA,80,NA,,NA,NA,,NA,NA,NA,NA,NA,NA,NA,NA,NA,NA
2022-09-09T13:17:44Z,1568227154470572e3,1568227154470572034,"#MATCHDAY #LaLigaSantander ğŸŸ£âšªï¸ 

Girona ğŸ†š @realvalladolid

#AÃºpaPucela https://t.co/v3NiB5YfyL","#MATCHDAY #LaLigaSantander ğŸŸ£âšªï¸ 

Girona ğŸ†š @realvalladolid

#AÃºpaPucela https://t.co/v3NiB5YfyL",FALSE,,"<a href=""http://twitter.com/download/iphone"" rel=""nofollow"">Twitter for iPhone</a>",NA,NA,NA,NA,NA,,,,NA,FALSE,30,904,FALSE,NA,FALSE,NA,eu,FALSE,NA,70,NA,,NA,NA,,NA,NA,NA,NA,NA,NA,NA,NA,NA,NA
2022-09-06T19:20:16Z,1567231225877627e3,1567231225877626883,"No hay nada como celebrar la victoria con nuestra gente ğŸ¤ğŸ’œ.
Feliz de volver con el equipo ğŸ’ªğŸ¾.
#AÃºpaPucela #LaLigaSantander #LaLiga https://t.co/PXxF5lZkIN","No hay nada como celebrar la victoria con nuestra gente ğŸ¤ğŸ’œ.
Feliz de volver con el equipo ğŸ’ªğŸ¾.
#AÃºpaPucela #LaLigaSantander #LaLiga https://t.co/PXxF5lZkIN",FALSE,,"<a href=""http://twitter.com/download/iphone"" rel=""nofollow"">Twitter for iPhone</a>",NA,NA,NA,NA,NA,,,,NA,FALSE,43,1240,FALSE,NA,FALSE,NA,es,FALSE,NA,130,NA,,NA,NA,,NA,NA,NA,NA,NA,NA,NA,NA,NA,NA
2022-09-05T13:03:26Z,1566774002454077400,1566774002454077441,"#MATCHDAY #LaLigaSantander ğŸŸ£âšªï¸ 

@realvalladolid ğŸ†š AlmerÃ­a

#AÃºpaPucela https://t.co/9jVf5SxQ5z","#MATCHDAY #LaLigaSantander ğŸŸ£âšªï¸ 

@realvalladolid ğŸ†š AlmerÃ­a

#AÃºpaPucela https://t.co/9jVf5SxQ5z",FALSE,,"<a href=""http://twitter.com/download/iphone"" rel=""nofollow"">Twitter for iPhone</a>",NA,NA,NA,NA,NA,,,,NA,FALSE,32,1061,FALSE,NA,FALSE,NA,es,FALSE,NA,71,NA,,NA,NA,,NA,NA,NA,NA,NA,NA,NA,NA,NA,NA
2022-08-13T11:55:45Z,1558422050624127e3,1558422050624126977,"Estamos de vuelta @realvalladolid âšªï¸ğŸŸ£.

#AÃºpaPucela #LaLigaSantander #LaLiga https://t.co/SRFQF0LcUT","Estamos de vuelta @realvalladolid âšªï¸ğŸŸ£.

#AÃºpaPucela #LaLigaSantander #LaLiga https://t.co/SRFQF0LcUT",FALSE,,"<a href=""http://twitter.com/download/iphone"" rel=""nofollow"">Twitter for iPhone</a>",NA,NA,NA,NA,NA,,,,NA,FALSE,40,958,FALSE,NA,FALSE,NA,es,FALSE,NA,76,NA,,NA,NA,,NA,NA,NA,NA,NA,NA,NA,NA,NA,NA
2022-07-31T16:58:16Z,1553787138403188700,1553787138403188736,"Seguimos preparÃ¡ndonos para lo que viene âš½ï¸ğŸ’ªğŸ¾.

#AÃºpaPucela https://t.co/s9YhEWmcdC","Seguimos preparÃ¡ndonos para lo que viene âš½ï¸ğŸ’ªğŸ¾.

#AÃºpaPucela https://t.co/s9YhEWmcdC",FALSE,,"<a href=""http://twitter.com/download/iphone"" rel=""nofollow"">Twitter for iPhone</a>",NA,NA,NA,NA,NA,,,,NA,FALSE,25,996,FALSE,NA,FALSE,NA,es,FALSE,NA,59,NA,,NA,NA,,NA,NA,NA,NA,NA,NA,NA,NA,NA,NA
2022-07-17T17:55:31Z,1548728114032910300,1548728114032910338,"Primera semana de pretemporada âš½ï¸â˜‘ï¸
#AÃºpaPucela https://t.co/lyCtnWymsN","Primera semana de pretemporada âš½ï¸â˜‘ï¸
#AÃºpaPucela https://t.co/lyCtnWymsN",FALSE,,"<a href=""http://twitter.com/download/iphone"" rel=""nofollow"">Twitter for iPhone</a>",NA,NA,NA,NA,NA,,,,NA,FALSE,34,1531,FALSE,NA,FALSE,NA,es,FALSE,NA,47,NA,,NA,NA,,NA,NA,NA,NA,NA,NA,NA,NA,NA,NA
2022-07-11T14:01:34Z,1546494915479224300,1546494915479224321,"Muy feliz por quedarme en el @realvalladolid. Estoy muy agradecido por la confianza y la oportunidad.
Es el lugar donde querÃ­a estar y no me podÃ­a perder la vuelta a Primera âšªï¸ğŸŸ£.
#AÃºpaPucela https://t.co/ADmDRNT0Wf","Muy feliz por quedarme en el @realvalladolid. Estoy muy agradecido por la confianza y la oportunidad.
Es el lugar donde querÃ­a estar y no me podÃ­a perder la vuelta a Primera âšªï¸ğŸŸ£.
#AÃºpaPucela https://t.co/ADmDRNT0Wf",FALSE,,"<a href=""http://twitter.com/download/iphone"" rel=""nofollow"">Twitter for iPhone</a>",NA,NA,NA,NA,NA,,,,NA,FALSE,417,4564,FALSE,NA,FALSE,NA,es,FALSE,NA,190,NA,,NA,NA,,NA,NA,NA,NA,NA,NA,NA,NA,NA,NA
2022-06-10T21:42:58Z,1535377002982609e3,1535377002982608896,"âš½ï¸ğŸ‡¶ğŸ‡¦
#JuntosAQatar https://t.co/UHZ5EcvqoV","âš½ï¸ğŸ‡¶ğŸ‡¦
#JuntosAQatar https://t.co/UHZ5EcvqoV",FALSE,,"<a href=""http://twitter.com/download/iphone"" rel=""nofollow"">Twitter for iPhone</a>",NA,NA,NA,NA,NA,,,,NA,FALSE,253,4894,FALSE,NA,FALSE,NA,und,FALSE,NA,18,NA,,NA,NA,,NA,NA,NA,NA,NA,NA,NA,NA,NA,NA
2022-06-07T21:00:00Z,1534279028470952e3,1534279028470951936,"Esto no para. Seguimos preparÃ¡ndonos âš½ï¸ğŸ’ªğŸ¾.
#JuntosAQatar ğŸ‡ªğŸ‡¨ https://t.co/F2aFDMELXV","Esto no para. Seguimos preparÃ¡ndonos âš½ï¸ğŸ’ªğŸ¾.
#JuntosAQatar ğŸ‡ªğŸ‡¨ https://t.co/F2aFDMELXV",FALSE,,"<a href=""http://twitter.com/download/iphone"" rel=""nofollow"">Twitter for iPhone</a>",NA,NA,NA,NA,NA,,,,NA,FALSE,57,2363,FALSE,NA,FALSE,NA,es,FALSE,NA,59,NA,,NA,NA,,NA,NA,NA,NA,NA,NA,NA,NA,NA,NA
2022-06-06T19:18:29Z,1533891093745619e3,1533891093745618944,"Hace una semana vivÃ­amos un momento mÃ¡gico. Y aÃºn sigo emocionado por ello.
Nunca dejen de soÃ±ar âš½ï¸.

Â¡El @realvalladolid es de Primera! ğŸ’ªğŸ¾

#AÃºpaPucela #LaLiga https://t.co/t6rSi1hf0A","Hace una semana vivÃ­amos un momento mÃ¡gico. Y aÃºn sigo emocionado por ello.
Nunca dejen de soÃ±ar âš½ï¸.

Â¡El @realvalladolid es de Primera! ğŸ’ªğŸ¾

#AÃºpaPucela #LaLiga https://t.co/t6rSi1hf0A",FALSE,,"<a href=""http://twitter.com/download/iphone"" rel=""nofollow"">Twitter for iPhone</a>",NA,NA,NA,NA,NA,,,,NA,FALSE,154,1965,FALSE,NA,FALSE,NA,es,FALSE,NA,160,NA,,NA,NA,,NA,NA,NA,NA,NA,NA,NA,NA,NA,NA
2022-06-05T15:09:29Z,1533466039979233300,1533466039979233282,"#MatchDay ğŸ‡ªğŸ‡¨

MÃ©xico ğŸ†š @LaTri 
 
#JuntosAQatar https://t.co/VlLen9z6FO","#MatchDay ğŸ‡ªğŸ‡¨

MÃ©xico ğŸ†š @LaTri 
 
#JuntosAQatar https://t.co/VlLen9z6FO",FALSE,,"<a href=""http://twitter.com/download/iphone"" rel=""nofollow"">Twitter for iPhone</a>",NA,NA,NA,NA,NA,,,,NA,FALSE,66,2151,FALSE,NA,FALSE,NA,es,FALSE,NA,46,NA,,NA,NA,,NA,NA,NA,NA,NA,NA,NA,NA,NA,NA
2022-06-04T17:00:23Z,1533131563575156700,1533131563575156737,"Feliz de volver con la @latri.
Gracias por su apoyo ğŸ¤©ğŸ™ğŸ¾.
#JuntosAQatar ğŸ‡ªğŸ‡¨ https://t.co/AuowAgwJV5","Feliz de volver con la @latri.
Gracias por su apoyo ğŸ¤©ğŸ™ğŸ¾.
#JuntosAQatar ğŸ‡ªğŸ‡¨ https://t.co/AuowAgwJV5",FALSE,,"<a href=""http://twitter.com/download/iphone"" rel=""nofollow"">Twitter for iPhone</a>",NA,NA,NA,NA,NA,,,,NA,FALSE,89,2876,FALSE,NA,FALSE,NA,es,FALSE,NA,73,NA,,NA,NA,,NA,NA,NA,NA,NA,NA,NA,NA,NA,NA
2022-05-30T14:08:22Z,1531276335368241200,1531276335368241153,"Pucela es de PRIMERA ğŸ™ŒğŸ¾.
Disfruten en grande aficiÃ³n ğŸ¤ğŸ’œ.
#AÃºpaPucela #SÃ­SePudo #LaLiga https://t.co/6yUFRyd9c2","Pucela es de PRIMERA ğŸ™ŒğŸ¾.
Disfruten en grande aficiÃ³n ğŸ¤ğŸ’œ.
#AÃºpaPucela #SÃ­SePudo #LaLiga https://t.co/6yUFRyd9c2",FALSE,,"<a href=""http://twitter.com/download/iphone"" rel=""nofollow"">Twitter for iPhone</a>",NA,NA,NA,NA,NA,,,,NA,FALSE,197,4160,FALSE,NA,FALSE,NA,es,FALSE,NA,86,NA,,NA,NA,,NA,NA,NA,NA,NA,NA,NA,NA,NA,NA
2022-05-29T13:31:26Z,1530904652266487800,1530904652266487815,"#MATCHDAY #LaLigaSmartBank ğŸŸ£âšªï¸ 

@realvalladolid ğŸ†š SD Huesca

#AÃºpaPucela https://t.co/7vOiIyP9XZ","#MATCHDAY #LaLigaSmartBank ğŸŸ£âšªï¸ 

@realvalladolid ğŸ†š SD Huesca

#AÃºpaPucela https://t.co/7vOiIyP9XZ",FALSE,,"<a href=""http://twitter.com/download/iphone"" rel=""nofollow"">Twitter for iPhone</a>",NA,NA,NA,NA,NA,,,,NA,FALSE,10,295,FALSE,NA,FALSE,NA,und,FALSE,NA,73,NA,,NA,NA,,NA,NA,NA,NA,NA,NA,NA,NA,NA,NA
2022-05-21T12:07:07Z,1527984331670663200,1527984331670663168,"#MATCHDAY #LaLigaSmartBank ğŸŸ£âšªï¸ 

UD Ibiza ğŸ†š @realvalladolid 

#AÃºpaPucela https://t.co/Zv9W6gBnvd","#MATCHDAY #LaLigaSmartBank ğŸŸ£âšªï¸ 

UD Ibiza ğŸ†š @realvalladolid 

#AÃºpaPucela https://t.co/Zv9W6gBnvd",FALSE,,"<a href=""http://twitter.com/download/iphone"" rel=""nofollow"">Twitter for iPhone</a>",NA,NA,NA,NA,NA,,,,NA,FALSE,18,581,FALSE,NA,FALSE,NA,eu,FALSE,NA,73,NA,,NA,NA,,NA,NA,NA,NA,NA,NA,NA,NA,NA,NA
2022-05-15T16:59:27Z,1525883571768111e3,1525883571768111106,"Pelear hasta el final ğŸ’ªğŸ¾.
El JosÃ© Zorrilla estuvo de 10 ğŸ™ŒğŸ¾.
#AÃºpaPucela #LaLigaSmartBank https://t.co/eujDKBNmHD","Pelear hasta el final ğŸ’ªğŸ¾.
El JosÃ© Zorrilla estuvo de 10 ğŸ™ŒğŸ¾.
#AÃºpaPucela #LaLigaSmartBank https://t.co/eujDKBNmHD",FALSE,,"<a href=""http://twitter.com/download/iphone"" rel=""nofollow"">Twitter for iPhone</a>",NA,NA,NA,NA,NA,,,,NA,FALSE,24,799,FALSE,NA,FALSE,NA,es,FALSE,NA,88,NA,,NA,NA,,NA,NA,NA,NA,NA,NA,NA,NA,NA,NA
2022-05-14T08:50:14Z,1525398068199407600,1525398068199407617,"#MATCHDAY #LaLigaSmartBank ğŸŸ£âšªï¸ 

@realvalladolid ğŸ†š SD Ponferradina 

#AÃºpaPucela https://t.co/8BeMZ9ja6p","#MATCHDAY #LaLigaSmartBank ğŸŸ£âšªï¸ 

@realvalladolid ğŸ†š SD Ponferradina 

#AÃºpaPucela https://t.co/8BeMZ9ja6p",FALSE,,"<a href=""http://twitter.com/download/iphone"" rel=""nofollow"">Twitter for iPhone</a>",NA,NA,NA,NA,NA,,,,NA,FALSE,26,742,FALSE,NA,FALSE,NA,und,FALSE,NA,80,NA,,NA,NA,,NA,NA,NA,NA,NA,NA,NA,NA,NA,NA
2022-04-24T07:53:14Z,1518135967642706e3,1518135967642705920,"#MATCHDAY #LaLigaSmartBank ğŸŸ£âšªï¸ 

 MirandÃ©s ğŸ†š @realvalladolid 

#AÃºpaPucela https://t.co/CxsjZzFL6O","#MATCHDAY #LaLigaSmartBank ğŸŸ£âšªï¸ 

 MirandÃ©s ğŸ†š @realvalladolid 

#AÃºpaPucela https://t.co/CxsjZzFL6O",FALSE,,"<a href=""http://twitter.com/download/iphone"" rel=""nofollow"">Twitter for iPhone</a>",NA,NA,NA,NA,NA,,,,NA,FALSE,22,845,FALSE,NA,FALSE,NA,es,FALSE,NA,74,NA,,NA,NA,,NA,NA,NA,NA,NA,NA,NA,NA,NA,NA
2022-04-16T20:18:18Z,1515424366724538400,1515424366724538370,"El equipo se vaciÃ³ y merecimos la victoria.
El JosÃ© Zorrilla estuvo increÃ­ble ğŸ™ŒğŸ¾.
#AÃºpaPucela #LaLigaSmartBank https://t.co/CEPmmz8fQi","El equipo se vaciÃ³ y merecimos la victoria.
El JosÃ© Zorrilla estuvo increÃ­ble ğŸ™ŒğŸ¾.
#AÃºpaPucela #LaLigaSmartBank https://t.co/CEPmmz8fQi",FALSE,,"<a href=""http://twitter.com/download/iphone"" rel=""nofollow"">Twitter for iPhone</a>",NA,NA,NA,NA,NA,,,,NA,FALSE,58,1643,FALSE,NA,FALSE,NA,es,FALSE,NA,110,NA,,NA,NA,,NA,NA,NA,NA,NA,NA,NA,NA,NA,NA
2022-04-16T08:26:40Z,1515245277694902300,1515245277694902276,"#MATCHDAY #LaLigaSmartBank ğŸŸ£âšªï¸ 

@realvalladolid ğŸ†š UD AlmerÃ­a 

#AÃºpaPucela https://t.co/lWU1sP6bhl","#MATCHDAY #LaLigaSmartBank ğŸŸ£âšªï¸ 

@realvalladolid ğŸ†š UD AlmerÃ­a 

#AÃºpaPucela https://t.co/lWU1sP6bhl",FALSE,,"<a href=""http://twitter.com/download/iphone"" rel=""nofollow"">Twitter for iPhone</a>",NA,NA,NA,NA,NA,,,,NA,FALSE,10,318,FALSE,NA,FALSE,NA,es,FALSE,NA,75,NA,,NA,NA,,NA,NA,NA,NA,NA,NA,NA,NA,NA,NA
2022-04-10T15:26:32Z,1513176613420163e3,1513176613420163081,"Buena reacciÃ³n del equipo en la segunda parte. 
Seguimos ğŸ‘ŠğŸ¾.
#AÃºpPucela #LaLigaSmartBank https://t.co/VZPGGzAPeB","Buena reacciÃ³n del equipo en la segunda parte. 
Seguimos ğŸ‘ŠğŸ¾.
#AÃºpPucela #LaLigaSmartBank https://t.co/VZPGGzAPeB",FALSE,,"<a href=""http://twitter.com/download/iphone"" rel=""nofollow"">Twitter for iPhone</a>",NA,NA,NA,NA,NA,,,,NA,FALSE,42,1510,FALSE,NA,FALSE,NA,es,FALSE,NA,88,NA,,NA,NA,,NA,NA,NA,NA,NA,NA,NA,NA,NA,NA
2022-04-09T08:47:53Z,1512713899484799e3,1512713899484798979,"#MATCHDAY #LaLigaSmartBank ğŸŸ£âšªï¸ 

MÃ¡laga CF ğŸ†š @realvalladolid 

#AÃºpaPucela https://t.co/IEOuCtpnTK","#MATCHDAY #LaLigaSmartBank ğŸŸ£âšªï¸ 

MÃ¡laga CF ğŸ†š @realvalladolid 

#AÃºpaPucela https://t.co/IEOuCtpnTK",FALSE,,"<a href=""http://twitter.com/download/iphone"" rel=""nofollow"">Twitter for iPhone</a>",NA,NA,NA,NA,NA,,,,NA,FALSE,28,1146,FALSE,NA,FALSE,NA,is,FALSE,NA,74,NA,,NA,NA,,NA,NA,NA,NA,NA,NA,NA,NA,NA,NA
2022-04-02T07:28:13Z,1510157138781515800,1510157138781515776,"#MATCHDAY #LaLigaSmartBank ğŸŸ£âšªï¸ 

@realvalladolid ğŸ†š CD Lugo

#AÃºpaPucela https://t.co/J7MIK7TwZP","#MATCHDAY #LaLigaSmartBank ğŸŸ£âšªï¸ 

@realvalladolid ğŸ†š CD Lugo

#AÃºpaPucela https://t.co/J7MIK7TwZP",FALSE,,"<a href=""http://twitter.com/download/iphone"" rel=""nofollow"">Twitter for iPhone</a>",NA,NA,NA,NA,NA,,,,NA,FALSE,28,1236,FALSE,NA,FALSE,NA,es,FALSE,NA,71,NA,,NA,NA,,NA,NA,NA,NA,NA,NA,NA,NA,NA,NA
2022-03-31T14:58:06Z,1509545577494814700,1509545577494814734,"El sueÃ±o de un paÃ­s ğŸ‡ªğŸ‡¨.
Peleamos e hicimos historia. Nos espera #Qatar2022 ğŸ’ªğŸ¾
Â¡Vamos @LaTri! 
#JuntosACatar https://t.co/YZrTXKUwM2","El sueÃ±o de un paÃ­s ğŸ‡ªğŸ‡¨.
Peleamos e hicimos historia. Nos espera #Qatar2022 ğŸ’ªğŸ¾
Â¡Vamos @LaTri! 
#JuntosACatar https://t.co/YZrTXKUwM2",FALSE,,"<a href=""http://twitter.com/download/iphone"" rel=""nofollow"">Twitter for iPhone</a>",NA,NA,NA,NA,NA,,,,NA,FALSE,197,4042,FALSE,NA,FALSE,NA,es,FALSE,NA,107,NA,,NA,NA,,NA,NA,NA,NA,NA,NA,NA,NA,NA,NA
2022-03-29T14:41:06Z,1508816523816849400,1508816523816849420,"#MatchDay ğŸ‡ªğŸ‡¨

@LaTri ğŸ†š Argentina 
 
#JuntosHacemosHistoria #EliminatoriasQatar2022 https://t.co/8u4KTKBDYG","#MatchDay ğŸ‡ªğŸ‡¨

@LaTri ğŸ†š Argentina 
 
#JuntosHacemosHistoria #EliminatoriasQatar2022 https://t.co/8u4KTKBDYG",FALSE,,"<a href=""http://twitter.com/download/iphone"" rel=""nofollow"">Twitter for iPhone</a>",NA,NA,NA,NA,NA,,,,NA,FALSE,51,1145,FALSE,NA,FALSE,NA,es,FALSE,NA,82,NA,,NA,NA,,NA,NA,NA,NA,NA,NA,NA,NA,NA,NA
2022-03-27T19:33:39Z,1508165369374154800,1508165369374154755,"VAMOS ğŸ™ŒğŸ¾ğŸ’ªğŸ¾.
Gran victoria equipo ğŸŸ£âšªï¸. https://t.co/BK6eBacrFv","VAMOS ğŸ™ŒğŸ¾ğŸ’ªğŸ¾.
Gran victoria equipo ğŸŸ£âšªï¸. https://t.co/BK6eBacrFv",FALSE,,"<a href=""http://twitter.com/download/iphone"" rel=""nofollow"">Twitter for iPhone</a>",NA,NA,NA,NA,NA,,,,NA,TRUE,12,764,FALSE,NA,FALSE,NA,es,FALSE,NA,37,NA,,1508143074895188e3,1508143074895187972,,NA,NA,NA,NA,NA,NA,NA,NA,NA,NA
2022-03-19T10:25:24Z,1505128295842693e3,1505128295842693123,"#MATCHDAY #LaLigaSmartBank ğŸŸ£âšªï¸ 

@realvalladolid ğŸ†š UD Las Palmas 

#AÃºpaPucela https://t.co/b0z1xx8dwV","#MATCHDAY #LaLigaSmartBank ğŸŸ£âšªï¸ 

@realvalladolid ğŸ†š UD Las Palmas 

#AÃºpaPucela https://t.co/b0z1xx8dwV",FALSE,,"<a href=""http://twitter.com/download/iphone"" rel=""nofollow"">Twitter for iPhone</a>",NA,NA,NA,NA,NA,,,,NA,FALSE,23,789,FALSE,NA,FALSE,NA,es,FALSE,NA,78,NA,,NA,NA,,NA,NA,NA,NA,NA,NA,NA,NA,NA,NA
2022-03-13T10:28:20Z,1502954709174345700,1502954709174345731,"#MATCHDAY #LaLigaSmartBank ğŸŸ£âšªï¸ 

Real Oviedo ğŸ†š @realvalladolid 

#AÃºpaPucela https://t.co/3RpJpwhqQA","#MATCHDAY #LaLigaSmartBank ğŸŸ£âšªï¸ 

Real Oviedo ğŸ†š @realvalladolid 

#AÃºpaPucela https://t.co/3RpJpwhqQA",FALSE,,"<a href=""http://twitter.com/download/iphone"" rel=""nofollow"">Twitter for iPhone</a>",NA,NA,NA,NA,NA,,,,NA,FALSE,13,377,FALSE,NA,FALSE,NA,en,FALSE,NA,76,NA,,NA,NA,,NA,NA,NA,NA,NA,NA,NA,NA,NA,NA
2022-03-07T18:45:13Z,1500905423557349400,1500905423557349385,ğŸ˜¢ https://t.co/fDac82LgIH,ğŸ˜¢ https://t.co/fDac82LgIH,FALSE,,"<a href=""http://twitter.com/download/iphone"" rel=""nofollow"">Twitter for iPhone</a>",NA,NA,NA,NA,NA,,,,NA,TRUE,45,450,FALSE,NA,FALSE,NA,art,FALSE,NA,1,NA,,1500891192384491500,1500891192384491525,,NA,NA,NA,NA,NA,NA,NA,NA,NA,NA
2022-03-06T12:24:32Z,1500447236974645200,1500447236974645249,"El equipo sigue creciendo y queremos mucho mÃ¡s.
Muy feliz por seguir sumando goles con el @realvalladolid ğŸ’ªğŸ¾
#AÃºpaPucela #LaLigaSmartBank https://t.co/qB7L6dNwiY","El equipo sigue creciendo y queremos mucho mÃ¡s.
Muy feliz por seguir sumando goles con el @realvalladolid ğŸ’ªğŸ¾
#AÃºpaPucela #LaLigaSmartBank https://t.co/qB7L6dNwiY",FALSE,,"<a href=""http://twitter.com/download/iphone"" rel=""nofollow"">Twitter for iPhone</a>",NA,NA,NA,NA,NA,,,,NA,FALSE,46,1498,FALSE,NA,FALSE,NA,es,FALSE,NA,137,NA,,NA,NA,,NA,NA,NA,NA,NA,NA,NA,NA,NA,NA
2022-03-05T10:06:29Z,1500050106514657300,1500050106514657281,"#MATCHDAY #LaLigaSmartBank ğŸŸ£âšªï¸ 

CD Tenerife ğŸ†š @realvalladolid 

#AÃºpaPucela https://t.co/XlNnWWfRTz","#MATCHDAY #LaLigaSmartBank ğŸŸ£âšªï¸ 

CD Tenerife ğŸ†š @realvalladolid 

#AÃºpaPucela https://t.co/XlNnWWfRTz",FALSE,,"<a href=""http://twitter.com/download/iphone"" rel=""nofollow"">Twitter for iPhone</a>",NA,NA,NA,NA,NA,,,,NA,FALSE,7,285,FALSE,NA,FALSE,NA,es,FALSE,NA,76,NA,,NA,NA,,NA,NA,NA,NA,NA,NA,NA,NA,NA,NA
2022-02-27T09:09:54Z,1497861537872191500,1497861537872191490,"#MATCHDAY #LaLigaSmartBank ğŸŸ£âšªï¸ 

@realvalladolid ğŸ†š SD Amorebieta 

#AÃºpaPucela https://t.co/D5h8xvM1Pu","#MATCHDAY #LaLigaSmartBank ğŸŸ£âšªï¸ 

@realvalladolid ğŸ†š SD Amorebieta 

#AÃºpaPucela https://t.co/D5h8xvM1Pu",FALSE,,"<a href=""http://twitter.com/download/iphone"" rel=""nofollow"">Twitter for iPhone</a>",NA,NA,NA,NA,NA,,,,NA,FALSE,13,803,FALSE,NA,FALSE,NA,it,FALSE,NA,78,NA,,NA,NA,,NA,NA,NA,NA,NA,NA,NA,NA,NA,NA
2022-02-12T11:19:25Z,1492458314562773e3,1492458314562772992,"#MATCHDAY #LaLigaSmartBank ğŸŸ£âšªï¸ 

@realvalladolid ğŸ†š Girona FC

#AÃºpaPucela https://t.co/4dx9cmeMiZ","#MATCHDAY #LaLigaSmartBank ğŸŸ£âšªï¸ 

@realvalladolid ğŸ†š Girona FC

#AÃºpaPucela https://t.co/4dx9cmeMiZ",FALSE,,"<a href=""http://twitter.com/download/iphone"" rel=""nofollow"">Twitter for iPhone</a>",NA,NA,NA,NA,NA,,,,NA,FALSE,31,1151,FALSE,NA,FALSE,NA,pt,FALSE,NA,73,NA,,NA,NA,,NA,NA,NA,NA,NA,NA,NA,NA,NA,NA
2022-02-06T08:25:45Z,1490240284562710500,1490240284562710530,"#MATCHDAY #LaLigaSmartBank ğŸŸ£âšªï¸ 

Fuenlabrada ğŸ†š @realvalladolid 

#AÃºpaPucela https://t.co/JeKVbyOSQU","#MATCHDAY #LaLigaSmartBank ğŸŸ£âšªï¸ 

Fuenlabrada ğŸ†š @realvalladolid 

#AÃºpaPucela https://t.co/JeKVbyOSQU",FALSE,,"<a href=""http://twitter.com/download/iphone"" rel=""nofollow"">Twitter for iPhone</a>",NA,NA,NA,NA,NA,,,,NA,FALSE,57,2153,FALSE,NA,FALSE,NA,es,FALSE,NA,76,NA,,NA,NA,,NA,NA,NA,NA,NA,NA,NA,NA,NA,NA
2022-02-02T17:46:51Z,1488931935556669400,1488931935556669441,"Un pasito mÃ¡s cerca del sueÃ±o.

#JuntosHacemosHistoria ğŸ‡ªğŸ‡¨
#Qatar2022 https://t.co/y3PaUAHinX","Un pasito mÃ¡s cerca del sueÃ±o.

#JuntosHacemosHistoria ğŸ‡ªğŸ‡¨
#Qatar2022 https://t.co/y3PaUAHinX",FALSE,,"<a href=""http://twitter.com/download/iphone"" rel=""nofollow"">Twitter for iPhone</a>",NA,NA,NA,NA,NA,,,,NA,FALSE,427,8842,FALSE,NA,FALSE,NA,es,FALSE,NA,68,NA,,NA,NA,,NA,NA,NA,NA,NA,NA,NA,NA,NA,NA
2022-02-01T15:10:22Z,1488530169501528e3,1488530169501528075,"#MatchDay ğŸ‡ªğŸ‡¨

PerÃº ğŸ†š@LaTri 
 
#JuntosHacemosHistoria #EliminatoriasQatar2022 https://t.co/0RjjrTGaw1","#MatchDay ğŸ‡ªğŸ‡¨

PerÃº ğŸ†š@LaTri 
 
#JuntosHacemosHistoria #EliminatoriasQatar2022 https://t.co/0RjjrTGaw1",FALSE,,"<a href=""http://twitter.com/download/iphone"" rel=""nofollow"">Twitter for iPhone</a>",NA,NA,NA,NA,NA,,,,NA,FALSE,191,3685,FALSE,NA,FALSE,NA,es,FALSE,NA,76,NA,,NA,NA,,NA,NA,NA,NA,NA,NA,NA,NA,NA,NA
2022-01-28T15:36:14Z,1487087127489826800,1487087127489826817,"Seguimos puntuando, seguimos soÃ±ando ğŸ™ŒğŸ¾ğŸ‡ªğŸ‡¨ğŸ‡ªğŸ‡¨.

#JuntosHacemosHistoria https://t.co/aGm9yyP8CW","Seguimos puntuando, seguimos soÃ±ando ğŸ™ŒğŸ¾ğŸ‡ªğŸ‡¨ğŸ‡ªğŸ‡¨.

#JuntosHacemosHistoria https://t.co/aGm9yyP8CW",FALSE,,"<a href=""http://twitter.com/download/iphone"" rel=""nofollow"">Twitter for iPhone</a>",NA,NA,NA,NA,NA,,,,NA,FALSE,520,9194,FALSE,NA,FALSE,NA,es,FALSE,NA,68,NA,,NA,NA,,NA,NA,NA,NA,NA,NA,NA,NA,NA,NA
2022-01-27T14:03:47Z,1486701473136320500,1486701473136320513,"#MatchDay ğŸ‡ªğŸ‡¨

@LaTri ğŸ†š Brasil 
 
#JuntosHacemosHistoria #EliminatoriasQatar2022 https://t.co/sNZIRBqHuT","#MatchDay ğŸ‡ªğŸ‡¨

@LaTri ğŸ†š Brasil 
 
#JuntosHacemosHistoria #EliminatoriasQatar2022 https://t.co/sNZIRBqHuT",FALSE,,"<a href=""http://twitter.com/download/iphone"" rel=""nofollow"">Twitter for iPhone</a>",NA,NA,NA,NA,NA,,,,NA,FALSE,107,2109,FALSE,NA,FALSE,NA,pt,FALSE,NA,79,NA,,NA,NA,,NA,NA,NA,NA,NA,NA,NA,NA,NA,NA
2022-01-26T20:21:05Z,148643403767373e4,1486434037673730053,"De nuevo con @LaTri ğŸ˜ğŸ‡ªğŸ‡¨ğŸ’ªğŸ¾.

#JuntosHacemosHistoria https://t.co/HEzslXTejo","De nuevo con @LaTri ğŸ˜ğŸ‡ªğŸ‡¨ğŸ’ªğŸ¾.

#JuntosHacemosHistoria https://t.co/HEzslXTejo",FALSE,,"<a href=""http://twitter.com/download/iphone"" rel=""nofollow"">Twitter for iPhone</a>",NA,NA,NA,NA,NA,,,,NA,FALSE,106,3819,FALSE,NA,FALSE,NA,es,FALSE,NA,50,NA,,NA,NA,,NA,NA,NA,NA,NA,NA,NA,NA,NA,NA
2022-01-22T08:35:26Z,1484806901728698400,1484806901728698372,"#MATCHDAY #LaLigaSmartBank ğŸŸ£âšªï¸ 

Real Zaragoza ğŸ†š @realvalladolid 

#AÃºpaPucela https://t.co/7EccGxGZay","#MATCHDAY #LaLigaSmartBank ğŸŸ£âšªï¸ 

Real Zaragoza ğŸ†š @realvalladolid 

#AÃºpaPucela https://t.co/7EccGxGZay",FALSE,,"<a href=""http://twitter.com/download/iphone"" rel=""nofollow"">Twitter for iPhone</a>",NA,NA,NA,NA,NA,,,,NA,FALSE,23,821,FALSE,NA,FALSE,NA,es,FALSE,NA,78,NA,,NA,NA,,NA,NA,NA,NA,NA,NA,NA,NA,NA,NA
2022-01-03T11:35:32Z,1477966856807932e3,1477966856807931906,"Comenzamos el aÃ±o con victoria ğŸ’ªğŸ¾.
Que vengan muchas mÃ¡s âšªï¸ğŸŸ£.
#AÃºpaPucela #LaLigaSmartBank https://t.co/L8yIGNitfb","Comenzamos el aÃ±o con victoria ğŸ’ªğŸ¾.
Que vengan muchas mÃ¡s âšªï¸ğŸŸ£.
#AÃºpaPucela #LaLigaSmartBank https://t.co/L8yIGNitfb",FALSE,,"<a href=""http://twitter.com/download/iphone"" rel=""nofollow"">Twitter for iPhone</a>",NA,NA,NA,NA,NA,,,,NA,FALSE,48,1788,FALSE,NA,FALSE,NA,es,FALSE,NA,90,NA,,NA,NA,,NA,NA,NA,NA,NA,NA,NA,NA,NA,NA
2021-12-04T15:11:29Z,1467149567728795600,1467149567728795670,"El gol no fue suficiente para conseguir algo positivo de la visita a Huesca.
Enfocados desde ya en ganar al Oviedo.
#AÃºpPucela #LaLigaSmartBank https://t.co/Tm5jyFH5PM","El gol no fue suficiente para conseguir algo positivo de la visita a Huesca.
Enfocados desde ya en ganar al Oviedo.
#AÃºpPucela #LaLigaSmartBank https://t.co/Tm5jyFH5PM",FALSE,,"<a href=""http://twitter.com/download/iphone"" rel=""nofollow"">Twitter for iPhone</a>",NA,NA,NA,NA,NA,,,,NA,FALSE,31,965,FALSE,NA,FALSE,NA,es,FALSE,NA,143,NA,,NA,NA,,NA,NA,NA,NA,NA,NA,NA,NA,NA,NA
2021-12-03T12:14:09Z,1466742551382212600,1466742551382212609,"#MATCHDAY #LaLigaSmartBank ğŸŸ£âšªï¸ 

@SDHuesca ğŸ†š @realvalladolid 

#AÃºpaPucela https://t.co/F6wvFyln7r","#MATCHDAY #LaLigaSmartBank ğŸŸ£âšªï¸ 

@SDHuesca ğŸ†š @realvalladolid 

#AÃºpaPucela https://t.co/F6wvFyln7r",FALSE,,"<a href=""http://twitter.com/download/iphone"" rel=""nofollow"">Twitter for iPhone</a>",NA,NA,NA,NA,NA,,,,NA,FALSE,41,844,FALSE,NA,FALSE,NA,und,FALSE,NA,74,NA,,NA,NA,,NA,NA,NA,NA,NA,NA,NA,NA,NA,NA
2021-11-30T09:55:09Z,1465620405922812e3,1465620405922811905,"Hoy comenzamos la #CopaDelRey ğŸŸ£âšªï¸ 

CD Marchamalo ğŸ†š @realvalladolid 

#AÃºpaPucela #MATCHDAY https://t.co/8Iux50UmlV","Hoy comenzamos la #CopaDelRey ğŸŸ£âšªï¸ 

CD Marchamalo ğŸ†š @realvalladolid 

#AÃºpaPucela #MATCHDAY https://t.co/8Iux50UmlV",FALSE,,"<a href=""http://twitter.com/download/iphone"" rel=""nofollow"">Twitter for iPhone</a>",NA,NA,NA,NA,NA,,,,NA,FALSE,21,710,FALSE,NA,FALSE,NA,es,FALSE,NA,91,NA,,NA,NA,,NA,NA,NA,NA,NA,NA,NA,NA,NA,NA
2021-11-27T23:09:55Z,1464733253298962400,1464733253298962442,"Los tres puntos se quedan en casa ğŸ’ªğŸ¾.
Tremendo apoyo de nuestro pÃºblico ğŸ‘ğŸ¾ğŸ”.
#AÃºpaPucela #LaLigaSmartBank https://t.co/tQE3smN6X2","Los tres puntos se quedan en casa ğŸ’ªğŸ¾.
Tremendo apoyo de nuestro pÃºblico ğŸ‘ğŸ¾ğŸ”.
#AÃºpaPucela #LaLigaSmartBank https://t.co/tQE3smN6X2",FALSE,,"<a href=""http://twitter.com/download/iphone"" rel=""nofollow"">Twitter for iPhone</a>",NA,NA,NA,NA,NA,,,,NA,FALSE,117,2702,FALSE,NA,FALSE,NA,es,FALSE,NA,105,NA,,NA,NA,,NA,NA,NA,NA,NA,NA,NA,NA,NA,NA
2021-11-27T10:49:52Z,1464547014138601500,1464547014138601474,"#MATCHDAY #LaLigaSmartBank ğŸŸ£âšªï¸ 

@realvalladolid ğŸ†š @FCCartagena_efs 

#AÃºpaPucela https://t.co/nYyWHyTcN5","#MATCHDAY #LaLigaSmartBank ğŸŸ£âšªï¸ 

@realvalladolid ğŸ†š @FCCartagena_efs 

#AÃºpaPucela https://t.co/nYyWHyTcN5",FALSE,,"<a href=""http://twitter.com/download/iphone"" rel=""nofollow"">Twitter for iPhone</a>",NA,NA,NA,NA,NA,,,,NA,FALSE,11,855,FALSE,NA,FALSE,NA,und,FALSE,NA,81,NA,,NA,NA,,NA,NA,NA,NA,NA,NA,NA,NA,NA,NA
2021-11-20T10:47:32Z,1462009709926436900,1462009709926436873,"Vuelve #LaLigaSmartBank ğŸŸ£âšªï¸ 

@U_D_Almeria ğŸ†š @realvalladolid 

#AÃºpaPucela #MATCHDAY https://t.co/oGzsEjHdXe","Vuelve #LaLigaSmartBank ğŸŸ£âšªï¸ 

@U_D_Almeria ğŸ†š @realvalladolid 

#AÃºpaPucela #MATCHDAY https://t.co/oGzsEjHdXe",FALSE,,"<a href=""http://twitter.com/download/iphone"" rel=""nofollow"">Twitter for iPhone</a>",NA,NA,NA,NA,NA,,,,NA,FALSE,20,614,FALSE,NA,FALSE,NA,es,FALSE,NA,84,NA,,NA,NA,,NA,NA,NA,NA,NA,NA,NA,NA,NA,NA
2021-11-12T00:26:57Z,1458954431970566100,1458954431970566145,"Victoria muy importante que nos acerca al objetivo.
Gracias por no dejar de animarnos ğŸ™ğŸ¾ğŸ”.
#JuntosConLaTri #Qatar2022 https://t.co/lYV9eegMRV","Victoria muy importante que nos acerca al objetivo.
Gracias por no dejar de animarnos ğŸ™ğŸ¾ğŸ”.
#JuntosConLaTri #Qatar2022 https://t.co/lYV9eegMRV",FALSE,,"<a href=""http://twitter.com/download/iphone"" rel=""nofollow"">Twitter for iPhone</a>",NA,NA,NA,NA,NA,,,,NA,FALSE,159,3483,FALSE,NA,FALSE,NA,es,FALSE,NA,117,NA,,NA,NA,,NA,NA,NA,NA,NA,NA,NA,NA,NA,NA
2021-11-11T14:27:09Z,1458803488192974800,1458803488192974848,"#MatchDay ğŸ‡ªğŸ‡¨

@LaTri ğŸ†š #Venezuela 
 
#JuntosConLaTri #Qatar2022 https://t.co/v35CEIqfZG","#MatchDay ğŸ‡ªğŸ‡¨

@LaTri ğŸ†š #Venezuela 
 
#JuntosConLaTri #Qatar2022 https://t.co/v35CEIqfZG",FALSE,,"<a href=""http://twitter.com/download/iphone"" rel=""nofollow"">Twitter for iPhone</a>",NA,NA,NA,NA,NA,,,,NA,FALSE,33,871,FALSE,NA,FALSE,NA,und,FALSE,NA,63,NA,,NA,NA,,NA,NA,NA,NA,NA,NA,NA,NA,NA,NA
2021-11-09T21:52:33Z,1458190800441991200,1458190800441991185,"Tiempo de @LaTri âš½ï¸ğŸ‡ªğŸ‡¨.
  
#JuntosConLaTri https://t.co/JO6VuSA0Gf","Tiempo de @LaTri âš½ï¸ğŸ‡ªğŸ‡¨.
  
#JuntosConLaTri https://t.co/JO6VuSA0Gf",FALSE,,"<a href=""http://twitter.com/download/iphone"" rel=""nofollow"">Twitter for iPhone</a>",NA,NA,NA,NA,NA,,,,NA,FALSE,65,2187,FALSE,NA,FALSE,NA,es,FALSE,NA,41,NA,,NA,NA,,NA,NA,NA,NA,NA,NA,NA,NA,NA,NA
2021-11-06T21:23:33Z,1457096337980379100,1457096337980379142,"El equipo sigue mejorando dÃ­a a dÃ­a ğŸ’ªğŸ¾.
Contento de ayudar con un nuevo gol âš½.
#AÃºpaPucela #LaLigaSmartBank https://t.co/aIi4nZ3Yd3","El equipo sigue mejorando dÃ­a a dÃ­a ğŸ’ªğŸ¾.
Contento de ayudar con un nuevo gol âš½.
#AÃºpaPucela #LaLigaSmartBank https://t.co/aIi4nZ3Yd3",FALSE,,"<a href=""http://twitter.com/download/iphone"" rel=""nofollow"">Twitter for iPhone</a>",NA,NA,NA,NA,NA,,,,NA,FALSE,150,2841,FALSE,NA,FALSE,NA,es,FALSE,NA,107,NA,,NA,NA,,NA,NA,NA,NA,NA,NA,NA,NA,NA,NA
2021-10-31T08:51:51Z,1454732840705347600,1454732840705347585,"ğŸŸ£âšªï¸ #MatchDay

@realvalladolid ğŸ†š @SDEibar 

#AÃºpaPucela #LaLigaSmartBank https://t.co/L3dLqwqa3F","ğŸŸ£âšªï¸ #MatchDay

@realvalladolid ğŸ†š @SDEibar 

#AÃºpaPucela #LaLigaSmartBank https://t.co/L3dLqwqa3F",FALSE,,"<a href=""http://twitter.com/download/iphone"" rel=""nofollow"">Twitter for iPhone</a>",NA,NA,NA,NA,NA,,,,NA,FALSE,10,360,FALSE,NA,FALSE,NA,und,FALSE,NA,72,NA,,NA,NA,,NA,NA,NA,NA,NA,NA,NA,NA,NA,NA
2021-10-23T20:48:15Z,1452014027417301e3,1452014027417301006,"Victoria de mucho valor ante un gran rival.
Muy contento por marcar mi primer gol con el @realvalladolid âš½ï¸âšªï¸ğŸŸ£.

#AÃºpaPucela #LaLigaSmartBank https://t.co/uytx9LFneq","Victoria de mucho valor ante un gran rival.
Muy contento por marcar mi primer gol con el @realvalladolid âš½ï¸âšªï¸ğŸŸ£.

#AÃºpaPucela #LaLigaSmartBank https://t.co/uytx9LFneq",FALSE,,"<a href=""http://twitter.com/download/iphone"" rel=""nofollow"">Twitter for iPhone</a>",NA,NA,NA,NA,NA,,,,NA,FALSE,165,2784,FALSE,NA,FALSE,NA,es,FALSE,NA,141,NA,,NA,NA,,NA,NA,NA,NA,NA,NA,NA,NA,NA,NA
2021-10-20T09:51:13Z,1450761513933934600,1450761513933934603,"ğŸŸ£âšªï¸ #MatchDay

@realvalladolid ğŸ†š @ibizaud 

#AÃºpaPucela #LaLigaSmartBank https://t.co/syuaJdTgTm","ğŸŸ£âšªï¸ #MatchDay

@realvalladolid ğŸ†š @ibizaud 

#AÃºpaPucela #LaLigaSmartBank https://t.co/syuaJdTgTm",FALSE,,"<a href=""http://twitter.com/download/iphone"" rel=""nofollow"">Twitter for iPhone</a>",NA,NA,NA,NA,NA,,,,NA,FALSE,19,954,FALSE,NA,FALSE,NA,und,FALSE,NA,72,NA,,NA,NA,,NA,NA,NA,NA,NA,NA,NA,NA,NA,NA
2021-10-15T13:08:23Z,1448999192123293700,1448999192123293714,"Ganar en Colombia siempre es complicado. Nos vamos contentos con el empate porque volvemos a sumar en la pelea por el Mundial ğŸ’ªğŸ¾.
Seguimos @LaTri ğŸ‡ªğŸ‡¨.
#JuntosConLaTri https://t.co/NmWPwyL2AS","Ganar en Colombia siempre es complicado. Nos vamos contentos con el empate porque volvemos a sumar en la pelea por el Mundial ğŸ’ªğŸ¾.
Seguimos @LaTri ğŸ‡ªğŸ‡¨.
#JuntosConLaTri https://t.co/NmWPwyL2AS",FALSE,,"<a href=""http://twitter.com/download/iphone"" rel=""nofollow"">Twitter for iPhone</a>",NA,NA,NA,NA,NA,,,,NA,FALSE,260,6270,FALSE,NA,FALSE,NA,es,FALSE,NA,165,NA,,NA,NA,,NA,NA,NA,NA,NA,NA,NA,NA,NA,NA
2021-10-14T14:25:26Z,1448656196462809e3,1448656196462809101,"#MatchDay ğŸ‡ªğŸ‡¨

#Colombia ğŸ†š @LaTri 
 
#JuntosConLaTri #Qatar2022 https://t.co/Z8cIUaxYxE","#MatchDay ğŸ‡ªğŸ‡¨

#Colombia ğŸ†š @LaTri 
 
#JuntosConLaTri #Qatar2022 https://t.co/Z8cIUaxYxE",FALSE,,"<a href=""http://twitter.com/download/iphone"" rel=""nofollow"">Twitter for iPhone</a>",NA,NA,NA,NA,NA,,,,NA,FALSE,23,557,FALSE,NA,FALSE,NA,und,FALSE,NA,62,NA,,NA,NA,,NA,NA,NA,NA,NA,NA,NA,NA,NA,NA
2021-10-10T14:13:42Z,1447203690239172600,1447203690239172615,"#MatchDay ğŸ‡ªğŸ‡¨âš½ï¸

#Venezuela ğŸ†š @LaTri 

#JuntosConLaTri #Qatar2022 https://t.co/K3Vmpd9HeP","#MatchDay ğŸ‡ªğŸ‡¨âš½ï¸

#Venezuela ğŸ†š @LaTri 

#JuntosConLaTri #Qatar2022 https://t.co/K3Vmpd9HeP",FALSE,,"<a href=""http://twitter.com/download/iphone"" rel=""nofollow"">Twitter for iPhone</a>",NA,NA,NA,NA,NA,,,,NA,FALSE,65,1754,FALSE,NA,FALSE,NA,und,FALSE,NA,64,NA,,NA,NA,,NA,NA,NA,NA,NA,NA,NA,NA,NA,NA
2021-10-07T14:14:12Z,1446116654237192200,1446116654237192206,"#MatchDay ğŸ‡ªğŸ‡¨âš½ï¸

@LaTri ğŸ†š #Bolivia 

#JuntosConLaTri #Qatar2022 https://t.co/HjdQkcCW0f","#MatchDay ğŸ‡ªğŸ‡¨âš½ï¸

@LaTri ğŸ†š #Bolivia 

#JuntosConLaTri #Qatar2022 https://t.co/HjdQkcCW0f",FALSE,,"<a href=""http://twitter.com/download/iphone"" rel=""nofollow"">Twitter for iPhone</a>",NA,NA,NA,NA,NA,,,,NA,FALSE,48,853,FALSE,NA,FALSE,NA,und,FALSE,NA,62,NA,,NA,NA,,NA,NA,NA,NA,NA,NA,NA,NA,NA,NA
2021-10-01T10:20:54Z,1443883613985063e3,1443883613985062914,"ğŸŸ£âšªï¸ #MatchDay

@SDP_1922 ğŸ†š @realvalladolid 

#AÃºpaPucela #LaLigaSmartBank https://t.co/OBPkTqUzx9","ğŸŸ£âšªï¸ #MatchDay

@SDP_1922 ğŸ†š @realvalladolid 

#AÃºpaPucela #LaLigaSmartBank https://t.co/OBPkTqUzx9",FALSE,,"<a href=""http://twitter.com/download/iphone"" rel=""nofollow"">Twitter for iPhone</a>",NA,NA,NA,NA,NA,,,,NA,FALSE,40,1041,FALSE,NA,FALSE,NA,und,FALSE,NA,73,NA,,NA,NA,,NA,NA,NA,NA,NA,NA,NA,NA,NA,NA
2021-09-27T19:59:55Z,1442579777056018400,1442579777056018432,"Debut en el JosÃ© Zorrilla âœ…
Victoria âœ…
Seguimos âš½ğŸ’ªğŸ¿
#AÃºpaPucela https://t.co/923nZr7ivr","Debut en el JosÃ© Zorrilla âœ…
Victoria âœ…
Seguimos âš½ğŸ’ªğŸ¿
#AÃºpaPucela https://t.co/923nZr7ivr",FALSE,,"<a href=""http://twitter.com/download/iphone"" rel=""nofollow"">Twitter for iPhone</a>",NA,NA,NA,NA,NA,,,,NA,FALSE,94,2244,FALSE,NA,FALSE,NA,es,FALSE,NA,63,NA,,NA,NA,,NA,NA,NA,NA,NA,NA,NA,NA,NA,NA
2021-09-26T11:59:59Z,1442096609949536300,1442096609949536257,".@realvalladolid #Matchday ğŸŸ£âšªï¸
#AÃºpaPucela https://t.co/7ha2x2NlMj",".@realvalladolid #Matchday ğŸŸ£âšªï¸
#AÃºpaPucela https://t.co/7ha2x2NlMj",FALSE,,"<a href=""http://twitter.com/download/iphone"" rel=""nofollow"">Twitter for iPhone</a>",NA,NA,NA,NA,NA,,,,NA,FALSE,52,904,FALSE,NA,FALSE,NA,und,FALSE,NA,42,NA,,NA,NA,,NA,NA,NA,NA,NA,NA,NA,NA,NA,NA
2021-09-19T20:37:57Z,1439690245419806700,1439690245419806728,"Primeros minutos con la camiseta del @realvalladolid ğŸŸ£âšªï¸. Hay que trabajar duro para que lleguen los resultados ğŸ’ªğŸ¾.
#AÃºpaPucela https://t.co/x15vO4Vppi","Primeros minutos con la camiseta del @realvalladolid ğŸŸ£âšªï¸. Hay que trabajar duro para que lleguen los resultados ğŸ’ªğŸ¾.
#AÃºpaPucela https://t.co/x15vO4Vppi",FALSE,,"<a href=""http://twitter.com/download/iphone"" rel=""nofollow"">Twitter for iPhone</a>",NA,NA,NA,NA,NA,,,,NA,FALSE,66,1274,FALSE,NA,FALSE,NA,es,FALSE,NA,127,NA,,NA,NA,,NA,NA,NA,NA,NA,NA,NA,NA,NA,NA
2021-09-03T00:42:07Z,1.4335910993779999e+18,1433591099377999877,"Tres puntos muy importantes ğŸ’ªğŸ¿.
Feliz de volver a sentirlos en las gradas ğŸŸğŸ‡ªğŸ‡¨.
#JuntosConLaTri https://t.co/TBnA10eOfi","Tres puntos muy importantes ğŸ’ªğŸ¿.
Feliz de volver a sentirlos en las gradas ğŸŸğŸ‡ªğŸ‡¨.
#JuntosConLaTri https://t.co/TBnA10eOfi",FALSE,,"<a href=""http://twitter.com/download/iphone"" rel=""nofollow"">Twitter for iPhone</a>",NA,NA,NA,NA,NA,,,,NA,FALSE,420,8115,FALSE,NA,FALSE,NA,es,FALSE,NA,94,NA,,NA,NA,,NA,NA,NA,NA,NA,NA,NA,NA,NA,NA
2021-09-01T12:18:57Z,1433041686297555e3,1433041686297554944,"Muy feliz de dar un paso mÃ¡s en mi carrera en el @realvalladolid
Llego cargado de ilusiÃ³n y ambiciÃ³n para afrontar este reto ğŸ’ªğŸ¿. 
Deseando empezar âš½ï¸.
#AÃºpaPucela âšªï¸ğŸŸ£ https://t.co/zQp5yq00nc","Muy feliz de dar un paso mÃ¡s en mi carrera en el @realvalladolid
Llego cargado de ilusiÃ³n y ambiciÃ³n para afrontar este reto ğŸ’ªğŸ¿. 
Deseando empezar âš½ï¸.
#AÃºpaPucela âšªï¸ğŸŸ£ https://t.co/zQp5yq00nc",FALSE,,"<a href=""http://twitter.com/download/iphone"" rel=""nofollow"">Twitter for iPhone</a>",NA,NA,NA,NA,NA,,,,NA,FALSE,201,2622,FALSE,NA,FALSE,NA,es,FALSE,NA,166,NA,,NA,NA,,NA,NA,NA,NA,NA,NA,NA,NA,NA,NA
2021-07-03T13:37:14Z,1411318117633040400,1411318117633040389,LISTOS ğŸ‡ªğŸ‡¨ğŸ‡ªğŸ‡¨ğŸ‡ªğŸ‡¨!! https://t.co/JAXUlPA3A9,LISTOS ğŸ‡ªğŸ‡¨ğŸ‡ªğŸ‡¨ğŸ‡ªğŸ‡¨!! https://t.co/JAXUlPA3A9,FALSE,,"<a href=""http://twitter.com/download/iphone"" rel=""nofollow"">Twitter for iPhone</a>",NA,NA,NA,NA,NA,,,,NA,FALSE,181,2992,FALSE,NA,FALSE,NA,es,FALSE,NA,15,NA,,NA,NA,,NA,NA,NA,NA,NA,NA,NA,NA,NA,NA
2021-06-28T13:47:51Z,1409508846356381700,1409508846356381696,EQUIPO ğŸ‡ªğŸ‡¨ğŸ‡ªğŸ‡¨ğŸ‡ªğŸ‡¨ https://t.co/kNJg8cDtBQ,EQUIPO ğŸ‡ªğŸ‡¨ğŸ‡ªğŸ‡¨ğŸ‡ªğŸ‡¨ https://t.co/kNJg8cDtBQ,FALSE,,"<a href=""http://twitter.com/download/iphone"" rel=""nofollow"">Twitter for iPhone</a>",NA,NA,NA,NA,NA,,,,NA,FALSE,308,6338,FALSE,NA,FALSE,NA,es,FALSE,NA,13,NA,,NA,NA,,NA,NA,NA,NA,NA,NA,NA,NA,NA,NA
2021-06-26T12:49:17Z,1408769331744346e3,1408769331744346116,El esfuerzo siempre traerÃ¡ sus recompensas. Siempre con Dios ğŸ™ğŸ¼ trabajando duro para ayudar a mi selecciÃ³n ğŸ‡ªğŸ‡¨ ğŸ‡ªğŸ‡¨ #Ecuador https://t.co/LMPUvxGekT,El esfuerzo siempre traerÃ¡ sus recompensas. Siempre con Dios ğŸ™ğŸ¼ trabajando duro para ayudar a mi selecciÃ³n ğŸ‡ªğŸ‡¨ ğŸ‡ªğŸ‡¨ #Ecuador https://t.co/LMPUvxGekT,FALSE,,"<a href=""http://twitter.com/download/iphone"" rel=""nofollow"">Twitter for iPhone</a>",NA,NA,NA,NA,NA,,,,NA,FALSE,124,2669,FALSE,NA,FALSE,NA,es,FALSE,NA,121,NA,,NA,NA,,NA,NA,NA,NA,NA,NA,NA,NA,NA,NA
2021-06-21T16:36:39Z,1407014612457902e3,1407014612457902080,"AquÃ­ se naciÃ³ para luchar, no para lamentarse. 

VAMOS MI ECUADOR!!! ğŸ‡ªğŸ‡¨ğŸ‡ªğŸ‡¨ #SISEPUEDE #SIEMPRECONLATRI https://t.co/gGbOR2UfsO","AquÃ­ se naciÃ³ para luchar, no para lamentarse. 

VAMOS MI ECUADOR!!! ğŸ‡ªğŸ‡¨ğŸ‡ªğŸ‡¨ #SISEPUEDE #SIEMPRECONLATRI https://t.co/gGbOR2UfsO",FALSE,,"<a href=""http://twitter.com/download/iphone"" rel=""nofollow"">Twitter for iPhone</a>",NA,NA,NA,NA,NA,,,,NA,FALSE,926,10760,FALSE,NA,FALSE,NA,es,FALSE,NA,101,NA,,NA,NA,,NA,NA,NA,NA,NA,NA,NA,NA,NA,NA
2021-06-13T15:07:03Z,1404092961273651200,1404092961273651205,Con Dios ğŸ™ğŸ¾ https://t.co/g5vXUkavZU,Con Dios ğŸ™ğŸ¾ https://t.co/g5vXUkavZU,FALSE,,"<a href=""http://twitter.com/download/iphone"" rel=""nofollow"">Twitter for iPhone</a>",NA,NA,NA,NA,NA,,,,NA,FALSE,192,3326,FALSE,NA,FALSE,NA,es,FALSE,NA,11,NA,,NA,NA,,NA,NA,NA,NA,NA,NA,NA,NA,NA,NA
2021-06-09T00:55:02Z,1402428991248769e3,1402428991248769027,"Dios es grande y sabemos que estamos hechos para hacer historia, asÃ­ que no queda de otra que levantar la cabeza y seguir enfocados en nuestros objetivos ğŸ‘ŠğŸ»ğŸ‘ŠğŸ»ğŸ‡ªğŸ‡¨ ğŸ‡ªğŸ‡¨ğŸ‡ªğŸ‡¨ https://t.co/DVqbjXmFTR","Dios es grande y sabemos que estamos hechos para hacer historia, asÃ­ que no queda de otra que levantar la cabeza y seguir enfocados en nuestros objetivos ğŸ‘ŠğŸ»ğŸ‘ŠğŸ»ğŸ‡ªğŸ‡¨ ğŸ‡ªğŸ‡¨ğŸ‡ªğŸ‡¨ https://t.co/DVqbjXmFTR",FALSE,,"<a href=""http://twitter.com/download/iphone"" rel=""nofollow"">Twitter for iPhone</a>",NA,NA,NA,NA,NA,,,,NA,FALSE,935,11840,FALSE,NA,FALSE,NA,es,FALSE,NA,165,NA,,NA,NA,,NA,NA,NA,NA,NA,NA,NA,NA,NA,NA
2021-05-28T19:32:15Z,1398361497458327600,1398361497458327555,Listo para esta nueva oportunidad con la tri ğŸ’ªğŸ»ğŸ‡ªğŸ‡¨ğŸ‡ªğŸ‡¨ğŸ‡ªğŸ‡¨ @FEFecuador https://t.co/ka0D2pnvS4,Listo para esta nueva oportunidad con la tri ğŸ’ªğŸ»ğŸ‡ªğŸ‡¨ğŸ‡ªğŸ‡¨ğŸ‡ªğŸ‡¨ @FEFecuador https://t.co/ka0D2pnvS4,FALSE,,"<a href=""http://twitter.com/download/iphone"" rel=""nofollow"">Twitter for iPhone</a>",NA,NA,NA,NA,NA,,,,NA,FALSE,73,1567,FALSE,NA,FALSE,NA,es,FALSE,NA,65,NA,,NA,NA,,NA,NA,NA,NA,NA,NA,NA,NA,NA,NA
2021-05-20T00:00:16Z,1395167454943453200,1395167454943453187,"Feliz por el gol para despedir la temporada 20/21âœŒğŸ»ğŸ˜ Quero agradecer a todos os adeptos do Sporting, nesta Ã©poca 2020-2021 apesar de nÃ£o os ver no estÃ¡dio, sempre senti o seu apoio. 
#ondevaiumvÃ£otodos #SCPCSM #EUSOUCAMPEÃƒO ğŸ’š https://t.co/DYxuuRLWz9","Feliz por el gol para despedir la temporada 20/21âœŒğŸ»ğŸ˜ Quero agradecer a todos os adeptos do Sporting, nesta Ã©poca 2020-2021 apesar de nÃ£o os ver no estÃ¡dio, sempre senti o seu apoio. 
#ondevaiumvÃ£otodos #SCPCSM #EUSOUCAMPEÃƒO ğŸ’š https://t.co/DYxuuRLWz9",FALSE,,"<a href=""http://twitter.com/download/iphone"" rel=""nofollow"">Twitter for iPhone</a>",NA,NA,NA,NA,NA,,,,NA,FALSE,154,2200,FALSE,NA,FALSE,NA,pt,FALSE,NA,225,NA,,NA,NA,,NA,NA,NA,NA,NA,NA,NA,NA,NA,NA
2021-05-12T12:31:48Z,1392457481591435300,1392457481591435271,"Feliz por mi primer tÃ­tulo europeo y por ser el primer ecuatoriano en ganar la liga portuguesa, sigamos abriendo caminos a nuestro fÃºtbol ğŸ‡ªğŸ‡¨ğŸ‡ªğŸ‡¨ğŸ‡ªğŸ‡¨ğŸ‡ªğŸ‡¨ SOMOS CAMPEÃ•ES @Sporting_CP ğŸ†ğŸ†ğŸ† https://t.co/RvypQHyfAQ","Feliz por mi primer tÃ­tulo europeo y por ser el primer ecuatoriano en ganar la liga portuguesa, sigamos abriendo caminos a nuestro fÃºtbol ğŸ‡ªğŸ‡¨ğŸ‡ªğŸ‡¨ğŸ‡ªğŸ‡¨ğŸ‡ªğŸ‡¨ SOMOS CAMPEÃ•ES @Sporting_CP ğŸ†ğŸ†ğŸ† https://t.co/RvypQHyfAQ",FALSE,,"<a href=""http://twitter.com/download/iphone"" rel=""nofollow"">Twitter for iPhone</a>",NA,NA,NA,NA,NA,,,,NA,FALSE,1011,11090,FALSE,NA,FALSE,NA,es,FALSE,NA,178,NA,,NA,NA,,NA,NA,NA,NA,NA,NA,NA,NA,NA,NA
2021-05-11T12:45:20Z,1392098499924308e3,1392098499924307974,Con Dios ğŸ™ğŸ»ğŸ™ğŸ»ğŸ™ğŸ» https://t.co/ocWmIj7IgR,Con Dios ğŸ™ğŸ»ğŸ™ğŸ»ğŸ™ğŸ» https://t.co/ocWmIj7IgR,FALSE,,"<a href=""http://twitter.com/download/iphone"" rel=""nofollow"">Twitter for iPhone</a>",NA,NA,NA,NA,NA,,,,NA,FALSE,74,1548,FALSE,NA,FALSE,NA,es,FALSE,NA,15,NA,,NA,NA,,NA,NA,NA,NA,NA,NA,NA,NA,NA,NA
2021-04-25T23:04:30Z,1386456111654580200,1386456111654580225,"Han sido meses de trabajo en silencio. Parar y reflexionar. Hoy, por fin me reencontrÃ© con la sensaciÃ³n de volver a jugar con @Sporting_CP. Gracias a Dios por su ayuda ğŸ™ğŸ¾ Sin Ã©l y sin mi gente esto no hubiera sido posible. Con ganas de seguir disfrutando del fÃºtbol âš½âš¡ğŸ¦ #GP20 https://t.co/nXKBtsrSeQ","Han sido meses de trabajo en silencio. Parar y reflexionar. Hoy, por fin me reencontrÃ© con la sensaciÃ³n de volver a jugar con @Sporting_CP. Gracias a Dios por su ayuda ğŸ™ğŸ¾ Sin Ã©l y sin mi gente esto no hubiera sido posible. Con ganas de seguir disfrutando del fÃºtbol âš½âš¡ğŸ¦ #GP20 https://t.co/nXKBtsrSeQ",FALSE,,"<a href=""http://twitter.com/download/iphone"" rel=""nofollow"">Twitter for iPhone</a>",NA,NA,NA,NA,NA,,,,NA,FALSE,531,7356,FALSE,NA,FALSE,NA,es,FALSE,NA,275,NA,,NA,NA,,NA,NA,NA,NA,NA,NA,NA,NA,NA,NA
2021-03-30T10:02:03Z,1376837117054218200,1376837117054218241,El #DueloDeAltura es ğ—§ğ—¥ğ—œğ—–ğ—¢ğ—Ÿğ—¢ğ—¥ ğŸ‡ªğŸ‡¨ğŸ†âš½ Emocionado por vestir la ğŸ”Ÿ de @LaTri y pertenecer a este gran grupo ğŸ’ªğŸ¾ https://t.co/EQpdILmiUb,El #DueloDeAltura es ğ—§ğ—¥ğ—œğ—–ğ—¢ğ—Ÿğ—¢ğ—¥ ğŸ‡ªğŸ‡¨ğŸ†âš½ Emocionado por vestir la ğŸ”Ÿ de @LaTri y pertenecer a este gran grupo ğŸ’ªğŸ¾ https://t.co/EQpdILmiUb,FALSE,,"<a href=""http://twitter.com/download/iphone"" rel=""nofollow"">Twitter for iPhone</a>",NA,NA,NA,NA,NA,,,,NA,FALSE,182,3042,FALSE,NA,FALSE,NA,es,FALSE,NA,105,NA,,NA,NA,,NA,NA,NA,NA,NA,NA,NA,NA,NA,NA
2021-01-24T20:01:09Z,1353432675193933800,1353432675193933825,A TAÃ‡A Ã‰ NOSSA!!! ğŸ†âš½ï¸ğŸ‰ğŸ¦ #SportingCP #AllianzCup https://t.co/vvZjv7SzCr,A TAÃ‡A Ã‰ NOSSA!!! ğŸ†âš½ï¸ğŸ‰ğŸ¦ #SportingCP #AllianzCup https://t.co/vvZjv7SzCr,FALSE,,"<a href=""http://twitter.com/download/iphone"" rel=""nofollow"">Twitter for iPhone</a>",NA,NA,NA,NA,NA,,,,NA,FALSE,91,1947,FALSE,NA,FALSE,NA,pt,FALSE,NA,47,NA,,NA,NA,,NA,NA,NA,NA,NA,NA,NA,NA,NA,NA
2020-12-16T00:11:04Z,1339000053680234500,1339000053680234497,ğ„ğ¬ğ­ğšğ¦ğ¨ğ¬ ğ§ğš ğ…ğ¢ğ§ğšğ¥ ğ…ğ¨ğ®ğ« ğŸ†âš½ Objetivo cumplido @Sporting_CP ğŸ¦ğŸ’ªğŸ¾ Feliz por recuperar buenas sensaciones. Gracias Dios por acompaÃ±arme siempre ğŸ™ğŸ¾ #TaÃ§aDaLiga #AllianzCup #GP20 https://t.co/8ousyj9t97,ğ„ğ¬ğ­ğšğ¦ğ¨ğ¬ ğ§ğš ğ…ğ¢ğ§ğšğ¥ ğ…ğ¨ğ®ğ« ğŸ†âš½ Objetivo cumplido @Sporting_CP ğŸ¦ğŸ’ªğŸ¾ Feliz por recuperar buenas sensaciones. Gracias Dios por acompaÃ±arme siempre ğŸ™ğŸ¾ #TaÃ§aDaLiga #AllianzCup #GP20 https://t.co/8ousyj9t97,FALSE,,"<a href=""http://twitter.com/download/iphone"" rel=""nofollow"">Twitter for iPhone</a>",NA,NA,NA,NA,NA,,,,NA,FALSE,83,2735,FALSE,NA,FALSE,NA,es,FALSE,NA,169,NA,,NA,NA,,NA,NA,NA,NA,NA,NA,NA,NA,NA,NA
2020-11-19T22:15:56Z,1329548991789473800,1329548991789473797,ğ˜¾ğ˜¼ğ™‹ğ™ğ™„ğ™Šğ™‰ ğ™ğ™ƒğ™„ğ™ ğŸ“¸âš½ğŸ‡ªğŸ‡¨âš¡ #LaTri https://t.co/ohwZThQCh8,ğ˜¾ğ˜¼ğ™‹ğ™ğ™„ğ™Šğ™‰ ğ™ğ™ƒğ™„ğ™ ğŸ“¸âš½ğŸ‡ªğŸ‡¨âš¡ #LaTri https://t.co/ohwZThQCh8,FALSE,,"<a href=""http://twitter.com/download/iphone"" rel=""nofollow"">Twitter for iPhone</a>",NA,NA,NA,NA,NA,,,,NA,FALSE,332,4790,FALSE,NA,FALSE,NA,en,FALSE,NA,25,NA,,NA,NA,,NA,NA,NA,NA,NA,NA,NA,NA,NA,NA
2020-11-18T17:29:06Z,1329114422799896600,1329114422799896577,@BryanJimenez272 @LaTri ğŸ’ªğŸ¾ğŸ‡ªğŸ‡¨ğŸ™#familia â¤ï¸,@BryanJimenez272 @LaTri ğŸ’ªğŸ¾ğŸ‡ªğŸ‡¨ğŸ™#familia â¤ï¸,FALSE,,"<a href=""http://twitter.com/download/iphone"" rel=""nofollow"">Twitter for iPhone</a>",1329007588583878700,1329007588583878657,204019077,204019077,bryan_futb,,,,NA,FALSE,1,50,FALSE,NA,FALSE,NA,und,NA,NA,40,NA,,NA,NA,,NA,NA,NA,NA,NA,NA,NA,NA,NA,NA
2020-11-18T00:59:38Z,1328865415691444200,1328865415691444224,"Victoria agridulce. Feliz por el gol pero apenado por la expulsiÃ³n. No fue un comportamiento ejemplar. Los errores son para aprender, no para repetir. Disculpas de corazÃ³n. Vamos a por mÃ¡s @LaTri! ğŸ‡ªğŸ‡¨âš½ğŸ’ªğŸ¾ #LaTri https://t.co/FifeJ7pRTg","Victoria agridulce. Feliz por el gol pero apenado por la expulsiÃ³n. No fue un comportamiento ejemplar. Los errores son para aprender, no para repetir. Disculpas de corazÃ³n. Vamos a por mÃ¡s @LaTri! ğŸ‡ªğŸ‡¨âš½ğŸ’ªğŸ¾ #LaTri https://t.co/FifeJ7pRTg",FALSE,,"<a href=""https://mobile.twitter.com"" rel=""nofollow"">Twitter Web App</a>",NA,NA,NA,NA,NA,,,,NA,FALSE,2329,24899,FALSE,NA,FALSE,NA,es,FALSE,NA,209,NA,,NA,NA,,NA,NA,NA,NA,NA,NA,NA,NA,NA,NA
2020-11-13T16:02:46Z,1327280757740621800,1327280757740621824,"Remontada de altura, de la mano de Dios ğŸ™ğŸ¾ğŸ‡ªğŸ‡¨ TenÃ­amos que sacar los tres puntos y creÃ­mos hasta el Ãºltimo minuto ğŸ’ªğŸ¾ #VamosTricolor #LaTri https://t.co/4dC1IzWXV5","Remontada de altura, de la mano de Dios ğŸ™ğŸ¾ğŸ‡ªğŸ‡¨ TenÃ­amos que sacar los tres puntos y creÃ­mos hasta el Ãºltimo minuto ğŸ’ªğŸ¾ #VamosTricolor #LaTri https://t.co/4dC1IzWXV5",FALSE,,"<a href=""http://twitter.com/download/iphone"" rel=""nofollow"">Twitter for iPhone</a>",NA,NA,NA,NA,NA,,,,NA,FALSE,298,6325,FALSE,NA,FALSE,NA,es,FALSE,NA,137,NA,,NA,NA,,NA,NA,NA,NA,NA,NA,NA,NA,NA,NA
2020-10-18T17:25:09Z,1.3178794049037599e+18,1317879404903759872,Lutamos atÃ© o fim e a equipe merecia muito mais. Paso a paso. Fuerza y fe para seguir creciendo ğŸ¦ğŸŸ¢âš½ #GP20 #SportingCP https://t.co/GwBIzIWl3P,Lutamos atÃ© o fim e a equipe merecia muito mais. Paso a paso. Fuerza y fe para seguir creciendo ğŸ¦ğŸŸ¢âš½ #GP20 #SportingCP https://t.co/GwBIzIWl3P,FALSE,,"<a href=""http://twitter.com/download/iphone"" rel=""nofollow"">Twitter for iPhone</a>",NA,NA,NA,NA,NA,,,,NA,FALSE,54,1088,FALSE,NA,FALSE,NA,pt,FALSE,NA,117,NA,,NA,NA,,NA,NA,NA,NA,NA,NA,NA,NA,NA,NA
2020-10-16T12:46:04Z,1317084394541154300,1317084394541154306,ğ™¼ğšŠğš”ğš ğš’ğš ğš‘ğšŠğš™ğš™ğšğš— ğŸ¦ğŸ‡ªğŸ‡¨âš½âš¡ #GP20 #LaTri https://t.co/QWO7JYFa59,ğ™¼ğšŠğš”ğš ğš’ğš ğš‘ğšŠğš™ğš™ğšğš— ğŸ¦ğŸ‡ªğŸ‡¨âš½âš¡ #GP20 #LaTri https://t.co/QWO7JYFa59,FALSE,,"<a href=""http://twitter.com/download/iphone"" rel=""nofollow"">Twitter for iPhone</a>",NA,NA,NA,NA,NA,,,,NA,FALSE,1246,8838,FALSE,NA,FALSE,NA,en,FALSE,NA,33,NA,,NA,NA,,NA,NA,NA,NA,NA,NA,NA,NA,NA,NA
2020-10-14T00:36:20Z,1316175973352706e3,1316175973352706048,"ğğ‘ğ†ğ”ğ‹ğ‹ğ ğ“ğ‘ğˆğ‚ğğ‹ğğ‘ ğŸŸ¡ğŸ”µğŸ”´ Â¡Â¡Muy feliz por mi primer gol con @LaTri!! Agradecido a todos los que lo hicieron posible âš½ï¸ğŸ’ªğŸ¾ 

Tremendo esfuerzo del equipo para ganar ante una gran selecciÃ³n â•3ï¸âƒ£ AcompaÃ±ados siempre por la bendiciÃ³n de Dios ğŸ™ğŸ¾ #VamosEcuador ğŸ‡ªğŸ‡¨ https://t.co/M6ojccNJcn","ğğ‘ğ†ğ”ğ‹ğ‹ğ ğ“ğ‘ğˆğ‚ğğ‹ğğ‘ ğŸŸ¡ğŸ”µğŸ”´ Â¡Â¡Muy feliz por mi primer gol con @LaTri!! Agradecido a todos los que lo hicieron posible âš½ï¸ğŸ’ªğŸ¾ 

Tremendo esfuerzo del equipo para ganar ante una gran selecciÃ³n â•3ï¸âƒ£ AcompaÃ±ados siempre por la bendiciÃ³n de Dios ğŸ™ğŸ¾ #VamosEcuador ğŸ‡ªğŸ‡¨ https://t.co/M6ojccNJcn",FALSE,,"<a href=""http://twitter.com/download/iphone"" rel=""nofollow"">Twitter for iPhone</a>",NA,NA,NA,NA,NA,,,,NA,FALSE,1487,11877,FALSE,NA,FALSE,NA,es,FALSE,NA,251,NA,,NA,NA,,NA,NA,NA,NA,NA,NA,NA,NA,NA,NA
2020-10-06T15:09:50Z,1313496697411186700,1313496697411186690,Muy feliz de representar a mi paÃ­s. Preparado y dispuesto a dar el mÃ¡ximo por estos colores ğŸ’›ğŸ’™â¤ï¸ Honor â• Responsabilidad â• Orgullo ğŸ‡ªğŸ‡¨âš½ #LaTri https://t.co/poNNU6oIuf,Muy feliz de representar a mi paÃ­s. Preparado y dispuesto a dar el mÃ¡ximo por estos colores ğŸ’›ğŸ’™â¤ï¸ Honor â• Responsabilidad â• Orgullo ğŸ‡ªğŸ‡¨âš½ #LaTri https://t.co/poNNU6oIuf,FALSE,,"<a href=""http://twitter.com/download/iphone"" rel=""nofollow"">Twitter for iPhone</a>",NA,NA,NA,NA,NA,,,,NA,FALSE,406,4980,FALSE,NA,FALSE,NA,es,FALSE,NA,141,NA,,NA,NA,,NA,NA,NA,NA,NA,NA,NA,NA,NA,NA
2020-09-23T17:17:21Z,1308817745753014300,1308817745753014273,ğ‘ğ„ğ€ğƒğ˜ ğ“ğ ğ‘ğğ€ğ‘ ğŸ¦âš¡ğŸ’š PrÃ³ximo objetivo â¡ï¸ @EuropaLeague ğŸ†âš½ #SportingCP #UEL https://t.co/TAHvIIWzZx,ğ‘ğ„ğ€ğƒğ˜ ğ“ğ ğ‘ğğ€ğ‘ ğŸ¦âš¡ğŸ’š PrÃ³ximo objetivo â¡ï¸ @EuropaLeague ğŸ†âš½ #SportingCP #UEL https://t.co/TAHvIIWzZx,FALSE,,"<a href=""http://twitter.com/download/iphone"" rel=""nofollow"">Twitter for iPhone</a>",NA,NA,NA,NA,NA,,,,NA,FALSE,12,286,FALSE,NA,FALSE,NA,es,FALSE,NA,71,NA,,NA,NA,,NA,NA,NA,NA,NA,NA,NA,NA,NA,NA
2020-09-06T11:16:48Z,1302566416114212900,1302566416114212864,3ï¸âƒ£ de 3ï¸âƒ£ Â¡Seguimos con la pretemporada! ğŸ¦ğŸ’ªğŸ¾ #GP20 #SportingCP #PrÃ©Ã‰pocaSCP https://t.co/7awYLdLiH0,3ï¸âƒ£ de 3ï¸âƒ£ Â¡Seguimos con la pretemporada! ğŸ¦ğŸ’ªğŸ¾ #GP20 #SportingCP #PrÃ©Ã‰pocaSCP https://t.co/7awYLdLiH0,FALSE,,"<a href=""http://twitter.com/download/iphone"" rel=""nofollow"">Twitter for iPhone</a>",NA,NA,NA,NA,NA,,,,NA,FALSE,15,350,FALSE,NA,FALSE,NA,es,FALSE,NA,76,NA,,NA,NA,,NA,NA,NA,NA,NA,NA,NA,NA,NA,NA
2020-08-25T18:57:10Z,1298333614116081700,1298333614116081664,ğ—©ğ—¢ğ—Ÿğ—§ğ—”ğ— ğ—¢ğ—¦ ğŸƒğŸ¾ğŸ’¨âš¡ Ilusionado y con mucha energÃ­a para preparar una nueva temporada. Vamos leÃµes! ğŸ¦âš½ #GP20 #SportingCP https://t.co/oscfoBkGEA,ğ—©ğ—¢ğ—Ÿğ—§ğ—”ğ— ğ—¢ğ—¦ ğŸƒğŸ¾ğŸ’¨âš¡ Ilusionado y con mucha energÃ­a para preparar una nueva temporada. Vamos leÃµes! ğŸ¦âš½ #GP20 #SportingCP https://t.co/oscfoBkGEA,FALSE,,"<a href=""http://twitter.com/download/iphone"" rel=""nofollow"">Twitter for iPhone</a>",NA,NA,NA,NA,NA,,,,NA,FALSE,17,325,FALSE,NA,FALSE,NA,es,FALSE,NA,113,NA,,NA,NA,,NA,NA,NA,NA,NA,NA,NA,NA,NA,NA
2020-08-06T16:54:27Z,1291417363871682600,1291417363871682562,ğ—™ğ—œğ—  ğ——ğ—˜ ğ—§ğ—˜ğ— ğ—£ğ—¢ğ—¥ğ—”ğ——ğ—” ğŸ”š Me quedo con los buenos momentos vividos en mi primer aÃ±o en el @Sporting_CP ğŸ¦ğŸ’š Seguiremos trabajando para devolver al club y a su aficiÃ³n al sitio que le pertenece âš½ğŸ’ªğŸ¾ Â¡Gracias Dios por tus bendiciones! ğŸ™ğŸ¾ #SportingCP #GP20 https://t.co/PFlFoiQXWV,ğ—™ğ—œğ—  ğ——ğ—˜ ğ—§ğ—˜ğ— ğ—£ğ—¢ğ—¥ğ—”ğ——ğ—” ğŸ”š Me quedo con los buenos momentos vividos en mi primer aÃ±o en el @Sporting_CP ğŸ¦ğŸ’š Seguiremos trabajando para devolver al club y a su aficiÃ³n al sitio que le pertenece âš½ğŸ’ªğŸ¾ Â¡Gracias Dios por tus bendiciones! ğŸ™ğŸ¾ #SportingCP #GP20 https://t.co/PFlFoiQXWV,FALSE,,"<a href=""http://twitter.com/download/iphone"" rel=""nofollow"">Twitter for iPhone</a>",NA,NA,NA,NA,NA,,,,NA,FALSE,94,1247,FALSE,NA,FALSE,NA,es,FALSE,NA,243,NA,,NA,NA,,NA,NA,NA,NA,NA,NA,NA,NA,NA,NA
2020-07-10T22:15:55Z,1281713790032261e3,1281713790032261123,ğ‰ğ®ğ§ğ­ğ¨ğ¬ ğ¬ğ¨ğ¦ğ¨ğ¬ ğ¦ğšğ¢ğ¬ ğŸğ¨ğ«ğ­ğğ¬. Gran esfuerzo de todos para conseguir una trabajada victoria. Vamos @Sporting_CP! ğŸ¦ ğŸŸ¢âš½ï¸ #GP20 #SportingCP https://t.co/IxL6tzzVyi,ğ‰ğ®ğ§ğ­ğ¨ğ¬ ğ¬ğ¨ğ¦ğ¨ğ¬ ğ¦ğšğ¢ğ¬ ğŸğ¨ğ«ğ­ğğ¬. Gran esfuerzo de todos para conseguir una trabajada victoria. Vamos @Sporting_CP! ğŸ¦ ğŸŸ¢âš½ï¸ #GP20 #SportingCP https://t.co/IxL6tzzVyi,FALSE,,"<a href=""http://twitter.com/download/iphone"" rel=""nofollow"">Twitter for iPhone</a>",NA,NA,NA,NA,NA,,,,NA,FALSE,47,625,FALSE,NA,FALSE,NA,es,FALSE,NA,131,NA,,NA,NA,,NA,NA,NA,NA,NA,NA,NA,NA,NA,NA
2020-07-02T10:58:19Z,1278644162800337e3,1278644162800336896,ğŸ¦âš¡ï¸âš½ï¸ https://t.co/En9NLvBkRI,ğŸ¦âš¡ï¸âš½ï¸ https://t.co/En9NLvBkRI,FALSE,,"<a href=""http://twitter.com/download/iphone"" rel=""nofollow"">Twitter for iPhone</a>",NA,NA,NA,NA,NA,,,,NA,TRUE,102,1386,FALSE,NA,FALSE,NA,art,FALSE,NA,5,NA,,1278629641759096800,1278629641759096834,,NA,NA,NA,NA,NA,NA,NA,NA,NA,NA
2020-07-01T23:24:51Z,1278469648053416e3,1278469648053415936,4ï¸âƒ£ vitÃ³rias consecutivas ğŸ”› Trabalho e esforÃ§o para continuar crescendo ğŸ¦ğŸ’ªğŸ¾ Muy feliz por el gol âš½ğŸ™ğŸ¾ ForÃ§a @Sporting_CP! ğŸ’šâš¡ #SportingCP #GP20 https://t.co/vFhk6wYCuR,4ï¸âƒ£ vitÃ³rias consecutivas ğŸ”› Trabalho e esforÃ§o para continuar crescendo ğŸ¦ğŸ’ªğŸ¾ Muy feliz por el gol âš½ğŸ™ğŸ¾ ForÃ§a @Sporting_CP! ğŸ’šâš¡ #SportingCP #GP20 https://t.co/vFhk6wYCuR,FALSE,,"<a href=""http://twitter.com/download/iphone"" rel=""nofollow"">Twitter for iPhone</a>",NA,NA,NA,NA,NA,,,,NA,FALSE,140,1583,FALSE,NA,FALSE,NA,pt,FALSE,NA,141,NA,,NA,NA,,NA,NA,NA,NA,NA,NA,NA,NA,NA,NA
2020-07-01T16:03:49Z,1278358658192212e3,1278358658192211974,ParabÃ©ns @Sporting_CP pelos 1ï¸âƒ£1ï¸âƒ£4ï¸âƒ£ anos de histÃ³ria ğŸ‚ğŸ¦ Un orgullo formar parte de tu historia âš½ #SportingCP #GP20 https://t.co/eg2GSkRAd2,ParabÃ©ns @Sporting_CP pelos 1ï¸âƒ£1ï¸âƒ£4ï¸âƒ£ anos de histÃ³ria ğŸ‚ğŸ¦ Un orgullo formar parte de tu historia âš½ #SportingCP #GP20 https://t.co/eg2GSkRAd2,FALSE,,"<a href=""http://twitter.com/download/iphone"" rel=""nofollow"">Twitter for iPhone</a>",NA,NA,NA,NA,NA,,,,NA,FALSE,141,1647,FALSE,NA,FALSE,NA,pt,FALSE,NA,116,NA,,NA,NA,,NA,NA,NA,NA,NA,NA,NA,NA,NA,NA
2020-06-26T23:37:51Z,1276660981347823600,1276660981347823619,ğ•ğˆğ‚ğ“ğğ‘ğˆğ€ â•3ï¸âƒ£ Gran trabajo de todo el equipo. Â¡Vamos leÃµes! ğŸ¦ğŸ’š #SportingCP #GP20 https://t.co/srrWA1Ou0u,ğ•ğˆğ‚ğ“ğğ‘ğˆğ€ â•3ï¸âƒ£ Gran trabajo de todo el equipo. Â¡Vamos leÃµes! ğŸ¦ğŸ’š #SportingCP #GP20 https://t.co/srrWA1Ou0u,FALSE,,"<a href=""http://twitter.com/download/iphone"" rel=""nofollow"">Twitter for iPhone</a>",NA,NA,NA,NA,NA,,,,NA,FALSE,49,877,FALSE,NA,FALSE,NA,pt,FALSE,NA,80,NA,,NA,NA,,NA,NA,NA,NA,NA,NA,NA,NA,NA,NA
2020-06-18T23:08:00Z,1273754366936264700,1273754366936264709,A uniÃ£o faz a forÃ§a â•3ï¸âƒ£ Â¡Vamos @Sporting_CP! ğŸ¦âš½ï¸ #LeÃµes #GP20 #SCP https://t.co/ItZW0PDIU2,A uniÃ£o faz a forÃ§a â•3ï¸âƒ£ Â¡Vamos @Sporting_CP! ğŸ¦âš½ï¸ #LeÃµes #GP20 #SCP https://t.co/ItZW0PDIU2,FALSE,,"<a href=""http://twitter.com/download/iphone"" rel=""nofollow"">Twitter for iPhone</a>",NA,NA,NA,NA,NA,,,,NA,FALSE,60,725,FALSE,NA,FALSE,NA,pt,FALSE,NA,67,NA,,NA,NA,,NA,NA,NA,NA,NA,NA,NA,NA,NA,NA
2020-06-08T19:33:09Z,1270076417561301e3,1270076417561300993,Concentrado no prÃ³ximo jogo âš½ï¸ğŸ‘€ğŸ¦ #LeÃµes #SportingCP https://t.co/JW86OkE4EI,Concentrado no prÃ³ximo jogo âš½ï¸ğŸ‘€ğŸ¦ #LeÃµes #SportingCP https://t.co/JW86OkE4EI,FALSE,,"<a href=""http://twitter.com/download/iphone"" rel=""nofollow"">Twitter for iPhone</a>",NA,NA,NA,NA,NA,,,,NA,FALSE,75,1186,FALSE,NA,FALSE,NA,pt,FALSE,NA,51,NA,,NA,NA,,NA,NA,NA,NA,NA,NA,NA,NA,NA,NA
2020-06-03T20:08:19Z,1268273329485623300,1268273329485623298,A forÃ§a do leÃ£o regressa ğŸ’šğŸ¦ #GuimaraesSportingCP @Sporting_CP https://t.co/lWRK7FEvUK,A forÃ§a do leÃ£o regressa ğŸ’šğŸ¦ #GuimaraesSportingCP @Sporting_CP https://t.co/lWRK7FEvUK,FALSE,,"<a href=""https://mobile.twitter.com"" rel=""nofollow"">Twitter Web App</a>",NA,NA,NA,NA,NA,,,,NA,FALSE,47,526,FALSE,NA,FALSE,NA,pt,FALSE,NA,61,NA,,NA,NA,,NA,NA,NA,NA,NA,NA,NA,NA,NA,NA
2020-06-02T18:40:56Z,1267888950829613e3,1267888950829613056,Un sÃ³lo mundo en el que todos somos iguales. Â¡BASTA DE RÌ¶AÌ¶CÌ¶IÌ¶SÌ¶MÌ¶OÌ¶! ğŸ¤œğŸ¿ğŸ¤›ğŸ¼ #BlackOutTuesday #StopRacism #Equality https://t.co/X5odOpwVP9,Un sÃ³lo mundo en el que todos somos iguales. Â¡BASTA DE RÌ¶AÌ¶CÌ¶IÌ¶SÌ¶MÌ¶OÌ¶! ğŸ¤œğŸ¿ğŸ¤›ğŸ¼ #BlackOutTuesday #StopRacism #Equality https://t.co/X5odOpwVP9,FALSE,,"<a href=""https://mobile.twitter.com"" rel=""nofollow"">Twitter Web App</a>",NA,NA,NA,NA,NA,,,,NA,FALSE,51,368,FALSE,NA,FALSE,NA,es,FALSE,NA,114,NA,,NA,NA,,NA,NA,NA,NA,NA,NA,NA,NA,NA,NA
2020-05-28T12:39:53Z,1265986147446128600,1265986147446128642,Ganas de âš½ğŸ’šğŸ¦ #SportingCP #GP20 https://t.co/QJ06lNRDI4,Ganas de âš½ğŸ’šğŸ¦ #SportingCP #GP20 https://t.co/QJ06lNRDI4,FALSE,,"<a href=""https://mobile.twitter.com"" rel=""nofollow"">Twitter Web App</a>",NA,NA,NA,NA,NA,,,,NA,FALSE,78,636,FALSE,NA,FALSE,NA,es,FALSE,NA,30,NA,,NA,NA,,NA,NA,NA,NA,NA,NA,NA,NA,NA,NA
2020-02-23T22:25:28Z,1231706667743633400,1231706667743633409,ğŸ† + A La ColecciÃ³n  ğŸ¯ âš½ï¸âš½ï¸ Sumando. Feliz Por La OportunidadğŸ¦ğŸ’š +3 EquipoğŸ’ª Vamos Por MÃ¡s https://t.co/h5g8B0YA8u,ğŸ† + A La ColecciÃ³n  ğŸ¯ âš½ï¸âš½ï¸ Sumando. Feliz Por La OportunidadğŸ¦ğŸ’š +3 EquipoğŸ’ª Vamos Por MÃ¡s https://t.co/h5g8B0YA8u,FALSE,,"<a href=""http://twitter.com/download/iphone"" rel=""nofollow"">Twitter for iPhone</a>",NA,NA,NA,NA,NA,,,,NA,FALSE,238,2059,FALSE,NA,FALSE,NA,es,FALSE,NA,87,NA,,NA,NA,,NA,NA,NA,NA,NA,NA,NA,NA,NA,NA
2020-02-20T23:52:11Z,1230641326846304300,1230641326846304262,Debut En Europa League ğŸ™ŒğŸ¤©Vamos Por MasğŸ’šğŸ¦ #SCP      #europaleague https://t.co/2EEsImVcmY,Debut En Europa League ğŸ™ŒğŸ¤©Vamos Por MasğŸ’šğŸ¦ #SCP      #europaleague https://t.co/2EEsImVcmY,FALSE,,"<a href=""http://twitter.com/download/iphone"" rel=""nofollow"">Twitter for iPhone</a>",NA,NA,NA,NA,NA,,,,NA,FALSE,121,1388,FALSE,NA,FALSE,NA,es,FALSE,NA,64,NA,,NA,NA,,NA,NA,NA,NA,NA,NA,NA,NA,NA,NA
2020-02-17T15:22:48Z,1229425974770634800,1229425974770634752,Total apoio irmÃ£o @marega91 ğŸ’ªğŸ¾#naoaoracismo  #NoToRacism https://t.co/C3DBslpQar https://t.co/HHYN3Au2iP,Total apoio irmÃ£o @marega91 ğŸ’ªğŸ¾#naoaoracismo  #NoToRacism https://t.co/C3DBslpQar https://t.co/HHYN3Au2iP,FALSE,,"<a href=""http://twitter.com/download/iphone"" rel=""nofollow"">Twitter for iPhone</a>",NA,NA,NA,NA,NA,,,,NA,TRUE,10,114,FALSE,NA,FALSE,NA,pt,FALSE,NA,80,NA,,1229141547641450500,1229141547641450499,,NA,NA,NA,NA,NA,NA,NA,NA,NA,NA
2020-02-11T15:06:46Z,1227247610013970400,1227247610013970433,ğŸ’ªğŸ¦ğŸ’šğŸ¤« https://t.co/3k6z6aAe8Y,ğŸ’ªğŸ¦ğŸ’šğŸ¤« https://t.co/3k6z6aAe8Y,FALSE,,"<a href=""http://twitter.com/download/iphone"" rel=""nofollow"">Twitter for iPhone</a>",NA,NA,NA,NA,NA,,,,NA,TRUE,64,1406,FALSE,NA,FALSE,NA,art,FALSE,NA,4,NA,,1227194180977537e3,1227194180977537024,,NA,NA,NA,NA,NA,NA,NA,NA,NA,NA
2020-02-10T20:21:50Z,1226964511795613700,1226964511795613703,+3 ğŸ’ª  #SCP ğŸ’šğŸ¦ https://t.co/dp1T7zKU75,+3 ğŸ’ª  #SCP ğŸ’šğŸ¦ https://t.co/dp1T7zKU75,FALSE,,"<a href=""http://twitter.com/download/iphone"" rel=""nofollow"">Twitter for iPhone</a>",NA,NA,NA,NA,NA,,,,NA,FALSE,47,898,FALSE,NA,FALSE,NA,und,FALSE,NA,13,NA,,NA,NA,,NA,NA,NA,NA,NA,NA,NA,NA,NA,NA
2020-01-28T14:15:33Z,1222161291302916e3,1222161291302916096,+3 ğŸ¦ğŸ’š https://t.co/MjkYkByO6N,+3 ğŸ¦ğŸ’š https://t.co/MjkYkByO6N,FALSE,,"<a href=""http://twitter.com/download/iphone"" rel=""nofollow"">Twitter for iPhone</a>",NA,NA,NA,NA,NA,,,,NA,FALSE,46,886,FALSE,NA,FALSE,NA,und,FALSE,NA,5,NA,,NA,NA,,NA,NA,NA,NA,NA,NA,NA,NA,NA,NA
2019-12-22T01:10:45Z,1208555439417438200,1208555439417438208,Vamos Por Mas EquipoğŸ’ª!! Feliz Por Mi Primer GritÃ³ De Gol y Agradecido Con Dios Siempre ğŸ¯ğŸ¤© https://t.co/i9ILEtpmef,Vamos Por Mas EquipoğŸ’ª!! Feliz Por Mi Primer GritÃ³ De Gol y Agradecido Con Dios Siempre ğŸ¯ğŸ¤© https://t.co/i9ILEtpmef,FALSE,,"<a href=""http://twitter.com/download/iphone"" rel=""nofollow"">Twitter for iPhone</a>",NA,NA,NA,NA,NA,,,,NA,FALSE,189,1976,FALSE,NA,FALSE,NA,es,FALSE,NA,89,NA,,NA,NA,,NA,NA,NA,NA,NA,NA,NA,NA,NA,NA
2019-12-18T21:23:10Z,1.2074110022345441e+18,1207411002234544133,Invito a todos unirse de manera oficial de forma Humilde a esta gran SUBASTA NAVIDEÃ‘A| en donde todo lo recaudado serÃ¡ por una buena causa. con la participaciÃ³n de mi colegas @MarceloM12  @LucianoVietto que ante mano muy agradecidosğŸ‡µğŸ‡¹ğŸ‡ªğŸ‡¨ğŸ‡¦ğŸ‡·ğŸ‡§ğŸ‡· https://t.co/nPzbFKSt8i via @YouTube,Invito a todos unirse de manera oficial de forma Humilde a esta gran SUBASTA NAVIDEÃ‘A| en donde todo lo recaudado serÃ¡ por una buena causa. con la participaciÃ³n de mi colegas @MarceloM12  @LucianoVietto que ante mano muy agradecidosğŸ‡µğŸ‡¹ğŸ‡ªğŸ‡¨ğŸ‡¦ğŸ‡·ğŸ‡§ğŸ‡· https://t.co/nPzbFKSt8i via @YouTube,FALSE,,"<a href=""http://twitter.com/download/iphone"" rel=""nofollow"">Twitter for iPhone</a>",NA,NA,NA,NA,NA,,,,NA,FALSE,24,119,FALSE,NA,FALSE,NA,es,FALSE,NA,277,NA,,NA,NA,,NA,NA,NA,NA,NA,NA,NA,NA,NA,NA
2019-11-20T13:36:47Z,1197146774231769e3,1197146774231769089,Voltear la pagina para seguir mejorando ğŸ’ªğŸ½ğŸ‡ªğŸ‡¨ğŸ’¯âš½ï¸ https://t.co/0zMdaQRAL2,Voltear la pagina para seguir mejorando ğŸ’ªğŸ½ğŸ‡ªğŸ‡¨ğŸ’¯âš½ï¸ https://t.co/0zMdaQRAL2,FALSE,,"<a href=""http://twitter.com/download/iphone"" rel=""nofollow"">Twitter for iPhone</a>",NA,NA,NA,NA,NA,,,,NA,FALSE,63,1330,FALSE,NA,FALSE,NA,es,FALSE,NA,47,NA,,NA,NA,,NA,NA,NA,NA,NA,NA,NA,NA,NA,NA
2019-11-08T18:46:35Z,1192876083403772e3,1192876083403771904,ğŸ’ªğŸ½ğŸ‡ªğŸ‡¨siempre serÃ¡ un orgullo vestirla ğŸ‘•âš½ï¸ https://t.co/ItE45gQGqM,ğŸ’ªğŸ½ğŸ‡ªğŸ‡¨siempre serÃ¡ un orgullo vestirla ğŸ‘•âš½ï¸ https://t.co/ItE45gQGqM,FALSE,,"<a href=""http://twitter.com/download/iphone"" rel=""nofollow"">Twitter for iPhone</a>",NA,NA,NA,NA,NA,,,,NA,TRUE,59,842,FALSE,NA,FALSE,NA,es,FALSE,NA,40,NA,,1192521493097468e3,1192521493097467904,,NA,NA,NA,NA,NA,NA,NA,NA,NA,NA
2019-10-03T10:20:56Z,1179702870456852500,1179702870456852485,A donde te vas âš½ï¸!! Una vez mÃ¡sğŸ’ªğŸ½ ğŸ‡ªğŸ‡¨ orgulloso de vestirla y agradecido con Dios por otra oportunidad mÃ¡s. CÃ³mo todoğŸ¦ğŸ’š darÃ© lo mejor de mi siempreğŸ™ https://t.co/fPGkI3A5F7,A donde te vas âš½ï¸!! Una vez mÃ¡sğŸ’ªğŸ½ ğŸ‡ªğŸ‡¨ orgulloso de vestirla y agradecido con Dios por otra oportunidad mÃ¡s. CÃ³mo todoğŸ¦ğŸ’š darÃ© lo mejor de mi siempreğŸ™ https://t.co/fPGkI3A5F7,FALSE,,"<a href=""http://twitter.com/download/iphone"" rel=""nofollow"">Twitter for iPhone</a>",NA,NA,NA,NA,NA,,,,NA,FALSE,178,2084,FALSE,NA,FALSE,NA,es,FALSE,NA,147,NA,,NA,NA,,NA,NA,NA,NA,NA,NA,NA,NA,NA,NA
2019-09-18T15:43:08Z,1174348136929800200,1174348136929800192,ğŸ˜…ğŸ¦ğŸ‡µğŸ‡¹ğŸ‡³ğŸ‡±ğŸ¤™ğŸ½ https://t.co/JBN6mkDuTv,ğŸ˜…ğŸ¦ğŸ‡µğŸ‡¹ğŸ‡³ğŸ‡±ğŸ¤™ğŸ½ https://t.co/JBN6mkDuTv,FALSE,,"<a href=""http://twitter.com/download/iphone"" rel=""nofollow"">Twitter for iPhone</a>",NA,NA,NA,NA,NA,,,,NA,TRUE,89,1495,FALSE,NA,FALSE,NA,art,FALSE,NA,8,NA,,1174248322460201e3,1174248322460200960,,NA,NA,NA,NA,NA,NA,NA,NA,NA,NA
2019-09-11T05:37:18Z,1171658956340715500,1171658956340715527,"Todo se puede con cristo por delanteğŸ˜‡bendecido ğŸ’¯% ..! Dedicado para esa familia que siempre estÃ¡ en especial para todo el pais ğŸ‡ªğŸ‡¨, siempre serÃ¡ mas q un honor vestir su camisetağŸ’ªğŸ½  https://t.co/0o37j9MSKu","Todo se puede con cristo por delanteğŸ˜‡bendecido ğŸ’¯% ..! Dedicado para esa familia que siempre estÃ¡ en especial para todo el pais ğŸ‡ªğŸ‡¨, siempre serÃ¡ mas q un honor vestir su camisetağŸ’ªğŸ½  https://t.co/0o37j9MSKu",FALSE,,"<a href=""http://twitter.com/download/iphone"" rel=""nofollow"">Twitter for iPhone</a>",NA,NA,NA,NA,NA,,,,NA,FALSE,859,6365,FALSE,NA,FALSE,NA,es,FALSE,NA,204,NA,,NA,NA,,NA,NA,NA,NA,NA,NA,NA,NA,NA,NA
2019-09-06T16:17:44Z,1170008186717425700,1170008186717425665,@Sporting_CP @FEFecuador ğŸ’ªğŸ½ğŸ¦ğŸ’š,@Sporting_CP @FEFecuador ğŸ’ªğŸ½ğŸ¦ğŸ’š,FALSE,,"<a href=""http://twitter.com/download/iphone"" rel=""nofollow"">Twitter for iPhone</a>",1169988785549054e3,1169988785549053952,21389998,21389998,Sporting_CP,,,,NA,FALSE,5,80,FALSE,NA,FALSE,NA,und,NA,NA,29,NA,,NA,NA,,NA,NA,NA,NA,NA,NA,NA,NA,NA,NA
2019-09-06T04:33:19Z,1169830916299968500,1169830916299968512,"Gracias Dios un sueÃ±o cumplido vestir la camiseta de mi ğŸ‡ªğŸ‡¨ en el 1er equipo. Gracias a diosğŸ˜‡ la lesiÃ³n de esta noche no fue nada grave todo estÃ¡ bienğŸ’ªğŸ½, Gracias a todos por su preocupaciÃ³n ğŸ¤— https://t.co/R9uPIxxHFP","Gracias Dios un sueÃ±o cumplido vestir la camiseta de mi ğŸ‡ªğŸ‡¨ en el 1er equipo. Gracias a diosğŸ˜‡ la lesiÃ³n de esta noche no fue nada grave todo estÃ¡ bienğŸ’ªğŸ½, Gracias a todos por su preocupaciÃ³n ğŸ¤— https://t.co/R9uPIxxHFP",FALSE,,"<a href=""http://twitter.com/download/iphone"" rel=""nofollow"">Twitter for iPhone</a>",NA,NA,NA,NA,NA,,,,NA,FALSE,759,7347,FALSE,NA,FALSE,NA,es,FALSE,NA,190,NA,,NA,NA,,NA,NA,NA,NA,NA,NA,NA,NA,NA,NA
2019-08-20T18:14:34Z,1163876998487273500,1163876998487273472,Familia â¤ï¸ğŸ‡ªğŸ‡¨ğŸ’ªğŸ½ https://t.co/BOxtb9C8V5,Familia â¤ï¸ğŸ‡ªğŸ‡¨ğŸ’ªğŸ½ https://t.co/BOxtb9C8V5,FALSE,,"<a href=""http://twitter.com/download/iphone"" rel=""nofollow"">Twitter for iPhone</a>",NA,NA,NA,NA,NA,,,,NA,TRUE,13,221,FALSE,NA,FALSE,NA,es,FALSE,NA,14,NA,,1163869496169439200,1163869496169439233,,NA,NA,NA,NA,NA,NA,NA,NA,NA,NA
2019-08-20T17:11:32Z,1163861133809373200,1163861133809373184,Todo Lo Puedo En Cristo Que Me FortaleceğŸ™ŒğŸ½!! A Vestir Los Colores De Mi Selecion Con El Primer Equipo ğŸ’›ğŸ’™â¤ï¸Gracias Dios Por Esta Nueva Oportunidad ğŸ‘ğŸ½ğŸ‡ªğŸ‡¨ https://t.co/KWEm8HT3OY,Todo Lo Puedo En Cristo Que Me FortaleceğŸ™ŒğŸ½!! A Vestir Los Colores De Mi Selecion Con El Primer Equipo ğŸ’›ğŸ’™â¤ï¸Gracias Dios Por Esta Nueva Oportunidad ğŸ‘ğŸ½ğŸ‡ªğŸ‡¨ https://t.co/KWEm8HT3OY,FALSE,,"<a href=""http://twitter.com/download/iphone"" rel=""nofollow"">Twitter for iPhone</a>",NA,NA,NA,NA,NA,,,,NA,FALSE,429,3873,FALSE,NA,FALSE,NA,es,FALSE,NA,150,NA,,NA,NA,,NA,NA,NA,NA,NA,NA,NA,NA,NA,NA
2019-08-13T15:10:50Z,1161294043059556400,1161294043059556352,Com muito esfuerzo y perseverancia @Sporting_CP ğŸ¦ğŸ’ªğŸ½ğŸ’šğŸ˜‡ bendecido 100% https://t.co/kCMxlpySOO,Com muito esfuerzo y perseverancia @Sporting_CP ğŸ¦ğŸ’ªğŸ½ğŸ’šğŸ˜‡ bendecido 100% https://t.co/kCMxlpySOO,FALSE,,"<a href=""http://twitter.com/download/iphone"" rel=""nofollow"">Twitter for iPhone</a>",NA,NA,NA,NA,NA,,,,NA,TRUE,228,1802,FALSE,NA,FALSE,NA,es,FALSE,NA,68,NA,,1160973145563631600,1160973145563631617,,NA,NA,NA,NA,NA,NA,NA,NA,NA,NA
2019-07-29T17:39:26Z,1155895622291079200,1155895622291079170,ğŸ¦ğŸ’šâœ¨ğŸ’ªğŸ½ https://t.co/dgBgvV4DeV,ğŸ¦ğŸ’šâœ¨ğŸ’ªğŸ½ https://t.co/dgBgvV4DeV,FALSE,,"<a href=""http://twitter.com/download/iphone"" rel=""nofollow"">Twitter for iPhone</a>",NA,NA,NA,NA,NA,,,,NA,FALSE,77,1451,FALSE,NA,FALSE,NA,und,FALSE,NA,5,NA,,NA,NA,,NA,NA,NA,NA,NA,NA,NA,NA,NA,NA
2019-07-26T00:10:13Z,1154544414254960600,1154544414254960640,Con DEUS Ã  DELANTE SIEMPRE ğŸ¦ğŸ™ğŸ’š https://t.co/IfwrHYcNsD,Con DEUS Ã  DELANTE SIEMPRE ğŸ¦ğŸ™ğŸ’š https://t.co/IfwrHYcNsD,FALSE,,"<a href=""http://twitter.com/download/iphone"" rel=""nofollow"">Twitter for iPhone</a>",NA,NA,NA,NA,NA,,,,NA,TRUE,210,1568,FALSE,NA,FALSE,NA,fr,FALSE,NA,30,NA,,1154388431612653600,1154388431612653574,,NA,NA,NA,NA,NA,NA,NA,NA,NA,NA
2019-07-11T19:57:32Z,1149407395371716600,1149407395371716609,ğŸ˜…vamos por mais ğŸ’ª @Sporting_CP  ğŸ’šğŸ¦ https://t.co/ERC7qpKQk0,ğŸ˜…vamos por mais ğŸ’ª @Sporting_CP  ğŸ’šğŸ¦ https://t.co/ERC7qpKQk0,FALSE,,"<a href=""http://twitter.com/download/iphone"" rel=""nofollow"">Twitter for iPhone</a>",NA,NA,NA,NA,NA,,,,NA,FALSE,98,718,FALSE,NA,FALSE,NA,pt,FALSE,NA,34,NA,,NA,NA,,NA,NA,NA,NA,NA,NA,NA,NA,NA,NA
2019-07-11T17:49:18Z,1149375125533409300,1149375125533409281,PrÃ© Ã‰poca ğŸ’ª@Sporting_CP ğŸ’šğŸ¦ https://t.co/e6nDhGPsWL,PrÃ© Ã‰poca ğŸ’ª@Sporting_CP ğŸ’šğŸ¦ https://t.co/e6nDhGPsWL,FALSE,,"<a href=""http://twitter.com/download/iphone"" rel=""nofollow"">Twitter for iPhone</a>",NA,NA,NA,NA,NA,,,,NA,FALSE,38,794,FALSE,NA,FALSE,NA,fr,FALSE,NA,26,NA,,NA,NA,,NA,NA,NA,NA,NA,NA,NA,NA,NA,NA
2019-07-07T19:00:48Z,1147943563961032700,1147943563961032706,ğŸ¦ğŸ’šğŸ™ğŸ’ªğŸ½âš½ï¸ğŸ‡¨ğŸ‡­ https://t.co/TYVo2qs8c0,ğŸ¦ğŸ’šğŸ™ğŸ’ªğŸ½âš½ï¸ğŸ‡¨ğŸ‡­ https://t.co/TYVo2qs8c0,FALSE,,"<a href=""http://twitter.com/download/iphone"" rel=""nofollow"">Twitter for iPhone</a>",NA,NA,NA,NA,NA,,,,NA,FALSE,104,1226,FALSE,NA,FALSE,NA,und,FALSE,NA,9,NA,,NA,NA,,NA,NA,NA,NA,NA,NA,NA,NA,NA,NA
2019-07-04T14:41:29Z,1146791143469920300,1146791143469920256,De vuelta a casa @Sporting_CP ğŸ’šğŸ¦ https://t.co/7D47EOwqwk,De vuelta a casa @Sporting_CP ğŸ’šğŸ¦ https://t.co/7D47EOwqwk,FALSE,,"<a href=""http://twitter.com/download/iphone"" rel=""nofollow"">Twitter for iPhone</a>",NA,NA,NA,NA,NA,,,,NA,FALSE,273,3299,FALSE,NA,FALSE,NA,es,FALSE,NA,32,NA,,NA,NA,,NA,NA,NA,NA,NA,NA,NA,NA,NA,NA
2019-07-01T18:19:25Z,1145758822054735900,1145758822054735878,"El dÃ­a de ayer domingo 30 de junio fue un dÃ­a muy especial, por eso quiero dedicarle este twet a la mejor madre del ğŸŒ, Que Dios te bendiga siempre mi Reina ğŸ‰ğŸ‚y te de mucho aÃ±os mÃ¡s de vida, siempre darÃ© lo mejor de mi para que sientas ese orgullo de madre,FELIZ CUMPLEAÃ‘OS ğŸ https://t.co/Xu9iBcKFOT","El dÃ­a de ayer domingo 30 de junio fue un dÃ­a muy especial, por eso quiero dedicarle este twet a la mejor madre del ğŸŒ, Que Dios te bendiga siempre mi Reina ğŸ‰ğŸ‚y te de mucho aÃ±os mÃ¡s de vida, siempre darÃ© lo mejor de mi para que sientas ese orgullo de madre,FELIZ CUMPLEAÃ‘OS ğŸ https://t.co/Xu9iBcKFOT",FALSE,,"<a href=""http://twitter.com/download/iphone"" rel=""nofollow"">Twitter for iPhone</a>",NA,NA,NA,NA,NA,,,,NA,FALSE,19,235,FALSE,NA,FALSE,NA,es,FALSE,NA,274,NA,,NA,NA,,NA,NA,NA,NA,NA,NA,NA,NA,NA,NA
2019-07-01T18:06:09Z,1145755484563132400,1145755484563132417,"113 aÃ±os de historia ademÃ¡s de sentirme orgulloso de ser Ecuatoriano ğŸ‡ªğŸ‡¨, para mi es un honor ser parte y vestir su camiseta ğŸ’šğŸ¦, Grande @Sporting_CP #FelizAniversario https://t.co/a1SKCE67Xf","113 aÃ±os de historia ademÃ¡s de sentirme orgulloso de ser Ecuatoriano ğŸ‡ªğŸ‡¨, para mi es un honor ser parte y vestir su camiseta ğŸ’šğŸ¦, Grande @Sporting_CP #FelizAniversario https://t.co/a1SKCE67Xf",FALSE,,"<a href=""http://twitter.com/download/iphone"" rel=""nofollow"">Twitter for iPhone</a>",NA,NA,NA,NA,NA,,,,NA,FALSE,397,3887,FALSE,NA,FALSE,NA,es,FALSE,NA,165,NA,,NA,NA,,NA,NA,NA,NA,NA,NA,NA,NA,NA,NA
2019-06-23T01:08:27Z,1142600271421497300,1142600271421497345,"Mi viernes por la noche, por las calle de mi cuidad ğŸ‡ªğŸ‡¨natal; compartiendo una pequeÃ±a cenağŸ› con los guerreros de los ğŸš¦, que luchanğŸ’ªğŸ½ por un sueÃ±o infinito pese a las adversidadesğŸ˜‡. #DiosCumpleTusSueÃ±os https://t.co/Z1A18TKxua","Mi viernes por la noche, por las calle de mi cuidad ğŸ‡ªğŸ‡¨natal; compartiendo una pequeÃ±a cenağŸ› con los guerreros de los ğŸš¦, que luchanğŸ’ªğŸ½ por un sueÃ±o infinito pese a las adversidadesğŸ˜‡. #DiosCumpleTusSueÃ±os https://t.co/Z1A18TKxua",FALSE,,"<a href=""http://twitter.com/download/iphone"" rel=""nofollow"">Twitter for iPhone</a>",NA,NA,NA,NA,NA,,,,NA,FALSE,1168,5209,FALSE,NA,FALSE,NA,es,FALSE,NA,201,NA,,NA,NA,,NA,NA,NA,NA,NA,NA,NA,NA,NA,NA
2019-06-15T10:38:16Z,1139844565169582100,1139844565169582080,"Gracias equipo!! Gracias por Demostrar que si podemosâ€™ ğŸ‡ªğŸ‡¨una familia @FEFecuador que quedÃ³ marcada para la historia, muy agradecido con Dios y con todos los que forman parte de este proceso ğŸ™ŒğŸ½ğŸ‡ªğŸ‡¨â¤ï¸ https://t.co/WkWtWA2lzD","Gracias equipo!! Gracias por Demostrar que si podemosâ€™ ğŸ‡ªğŸ‡¨una familia @FEFecuador que quedÃ³ marcada para la historia, muy agradecido con Dios y con todos los que forman parte de este proceso ğŸ™ŒğŸ½ğŸ‡ªğŸ‡¨â¤ï¸ https://t.co/WkWtWA2lzD",FALSE,,"<a href=""http://twitter.com/download/iphone"" rel=""nofollow"">Twitter for iPhone</a>",NA,NA,NA,NA,NA,,,,NA,FALSE,607,4253,FALSE,NA,FALSE,NA,es,FALSE,NA,196,NA,,NA,NA,,NA,NA,NA,NA,NA,NA,NA,NA,NA,NA
2019-06-12T19:37:53Z,1138893200670769200,1138893200670769152,ğŸ¤¦ğŸ½â€â™‚ï¸ğŸ˜‚ğŸ¤£ https://t.co/jZmd3GbopH,ğŸ¤¦ğŸ½â€â™‚ï¸ğŸ˜‚ğŸ¤£ https://t.co/jZmd3GbopH,FALSE,,"<a href=""http://twitter.com/download/iphone"" rel=""nofollow"">Twitter for iPhone</a>",NA,NA,NA,NA,NA,,,,NA,TRUE,5,52,FALSE,NA,FALSE,NA,und,FALSE,NA,7,NA,,1138813715334279200,1138813715334279168,,NA,NA,NA,NA,NA,NA,NA,NA,NA,NA
2019-06-12T14:02:08Z,1138808706982977500,1138808706982977537,ğŸ’ªğŸ½ğŸ‡ªğŸ‡¨familiağŸ’– https://t.co/hlvHg0oAVs,ğŸ’ªğŸ½ğŸ‡ªğŸ‡¨familiağŸ’– https://t.co/hlvHg0oAVs,FALSE,,"<a href=""http://twitter.com/download/iphone"" rel=""nofollow"">Twitter for iPhone</a>",NA,NA,NA,NA,NA,,,,NA,TRUE,2,40,FALSE,NA,FALSE,NA,es,FALSE,NA,12,NA,,1138660028817334300,1138660028817334272,,NA,NA,NA,NA,NA,NA,NA,NA,NA,NA
2019-06-12T14:00:38Z,1138808328212156400,1138808328212156416,GRACIAS BANDA!! Orgulloso de ser parte de este grupo que somos como una familia ğŸ˜”ğŸ˜“ğŸ™ŒğŸ½ ğŸ’ªğŸ½ğŸ‡ªğŸ‡¨âš½ï¸ https://t.co/DB9AbRbL9D,GRACIAS BANDA!! Orgulloso de ser parte de este grupo que somos como una familia ğŸ˜”ğŸ˜“ğŸ™ŒğŸ½ ğŸ’ªğŸ½ğŸ‡ªğŸ‡¨âš½ï¸ https://t.co/DB9AbRbL9D,FALSE,,"<a href=""http://twitter.com/download/iphone"" rel=""nofollow"">Twitter for iPhone</a>",NA,NA,NA,NA,NA,,,,NA,FALSE,339,3335,FALSE,NA,FALSE,NA,es,FALSE,NA,91,NA,,NA,NA,,NA,NA,NA,NA,NA,NA,NA,NA,NA,NA
2019-06-09T16:45:46Z,1137762723213860900,1137762723213860864,Siempre con Dios por delante ğŸ’ªğŸ½ğŸ‡ªğŸ‡¨vamos banda como una verdadera familia @FEFecuador siempre unidos. #SiSePuede #U20WC https://t.co/fwPeos5FWv,Siempre con Dios por delante ğŸ’ªğŸ½ğŸ‡ªğŸ‡¨vamos banda como una verdadera familia @FEFecuador siempre unidos. #SiSePuede #U20WC https://t.co/fwPeos5FWv,FALSE,,"<a href=""http://twitter.com/download/iphone"" rel=""nofollow"">Twitter for iPhone</a>",NA,NA,NA,NA,NA,,,,NA,FALSE,301,2362,FALSE,NA,FALSE,NA,es,FALSE,NA,117,NA,,NA,NA,,NA,NA,NA,NA,NA,NA,NA,NA,NA,NA
2019-06-03T20:41:32Z,1135647729953194e3,1135647729953193986,Buen triunfo banda ğŸ‡ªğŸ‡¨ğŸ’ªğŸ½ Dios es Grande y Cumple SueÃ±os ğŸ™ŒğŸ½ @FEFecuador https://t.co/IYV2CPHiCg,Buen triunfo banda ğŸ‡ªğŸ‡¨ğŸ’ªğŸ½ Dios es Grande y Cumple SueÃ±os ğŸ™ŒğŸ½ @FEFecuador https://t.co/IYV2CPHiCg,FALSE,,"<a href=""http://twitter.com/download/iphone"" rel=""nofollow"">Twitter for iPhone</a>",NA,NA,NA,NA,NA,,,,NA,FALSE,251,2272,FALSE,NA,FALSE,NA,es,FALSE,NA,69,NA,,NA,NA,,NA,NA,NA,NA,NA,NA,NA,NA,NA,NA
2019-05-31T18:48:16Z,1134532062386503700,1134532062386503680,Dios es grandeğŸ™ğŸ™ŒğŸ½ alegria para todo un paÃ­s y motivaciÃ³n para todo un equipo @FEFecuador vamos bandağŸ’ªğŸ½ a demostrar todo en la cancha como todo crack âš½ï¸ğŸ‡ªğŸ‡¨ #SiSePuede #U20WC @PolandU20 https://t.co/iVNfmIjszy,Dios es grandeğŸ™ğŸ™ŒğŸ½ alegria para todo un paÃ­s y motivaciÃ³n para todo un equipo @FEFecuador vamos bandağŸ’ªğŸ½ a demostrar todo en la cancha como todo crack âš½ï¸ğŸ‡ªğŸ‡¨ #SiSePuede #U20WC @PolandU20 https://t.co/iVNfmIjszy,FALSE,,"<a href=""http://twitter.com/download/iphone"" rel=""nofollow"">Twitter for iPhone</a>",NA,NA,NA,NA,NA,,,,NA,FALSE,104,1070,FALSE,NA,FALSE,NA,es,FALSE,NA,182,NA,,NA,NA,,NA,NA,NA,NA,NA,NA,NA,NA,NA,NA
2019-05-23T12:00:07Z,1131530241439146e3,1131530241439145984,"Llego el dÃ­a #U20WC por mi mamÃ¡, por mis hermanos, por todo un paÃ­s ğŸ‡ªğŸ‡¨ en especial por nuestro colega #mauriQ ğŸ˜‡ darÃ© lo mejor de miğŸ’ªğŸ½ vamosâš½ï¸ banda, vamos @FEFecuador  q #SiSePuede, con la bendiciÃ³n de #Dios siempreğŸ™ŒğŸ½ https://t.co/huhH7tfOWt","Llego el dÃ­a #U20WC por mi mamÃ¡, por mis hermanos, por todo un paÃ­s ğŸ‡ªğŸ‡¨ en especial por nuestro colega #mauriQ ğŸ˜‡ darÃ© lo mejor de miğŸ’ªğŸ½ vamosâš½ï¸ banda, vamos @FEFecuador  q #SiSePuede, con la bendiciÃ³n de #Dios siempreğŸ™ŒğŸ½ https://t.co/huhH7tfOWt",FALSE,,"<a href=""http://twitter.com/download/iphone"" rel=""nofollow"">Twitter for iPhone</a>",NA,NA,NA,NA,NA,,,,NA,FALSE,193,1322,FALSE,NA,FALSE,NA,es,FALSE,NA,217,NA,,NA,NA,,NA,NA,NA,NA,NA,NA,NA,NA,NA,NA
2019-05-12T16:36:51Z,1127613620177780700,1127613620177780736,Una nueva oportunidad ğŸ’ªğŸ½âš½ï¸ğŸ‡ªğŸ‡¨â™¥ï¸ğŸ’šğŸ¦ https://t.co/6igzB5jcF6,Una nueva oportunidad ğŸ’ªğŸ½âš½ï¸ğŸ‡ªğŸ‡¨â™¥ï¸ğŸ’šğŸ¦ https://t.co/6igzB5jcF6,FALSE,,"<a href=""http://twitter.com/download/iphone"" rel=""nofollow"">Twitter for iPhone</a>",NA,NA,NA,NA,NA,,,,NA,TRUE,13,106,FALSE,NA,FALSE,NA,es,FALSE,NA,32,NA,,1127604331170152400,1127604331170152448,,NA,NA,NA,NA,NA,NA,NA,NA,NA,NA
2019-05-01T22:29:23Z,1123716071100485600,1123716071100485633,@Sporting_CP ğŸ¦ğŸ’š un dÃ­a a la vez ğŸ™ğŸ™ŒğŸ½âš½ï¸ğŸ’ªğŸ½ https://t.co/ODAuRW1X8B,@Sporting_CP ğŸ¦ğŸ’š un dÃ­a a la vez ğŸ™ğŸ™ŒğŸ½âš½ï¸ğŸ’ªğŸ½ https://t.co/ODAuRW1X8B,FALSE,,"<a href=""http://twitter.com/download/iphone"" rel=""nofollow"">Twitter for iPhone</a>",NA,NA,21389998,21389998,Sporting_CP,,,,NA,FALSE,10,77,FALSE,NA,FALSE,NA,es,FALSE,NA,39,NA,,NA,NA,,NA,NA,NA,NA,NA,NA,NA,NA,NA,NA
2019-04-20T19:48:38Z,1119689351909212200,1119689351909212161,FamilyğŸ’šğŸ˜˜ğŸ˜‡ğŸ¦ https://t.co/6A3m7dvdVj,FamilyğŸ’šğŸ˜˜ğŸ˜‡ğŸ¦ https://t.co/6A3m7dvdVj,FALSE,,"<a href=""http://twitter.com/download/iphone"" rel=""nofollow"">Twitter for iPhone</a>",NA,NA,NA,NA,NA,,,,NA,TRUE,2,43,FALSE,NA,FALSE,NA,en,FALSE,NA,10,NA,,1119582416358785e3,1119582416358785024,,NA,NA,NA,NA,NA,NA,NA,NA,NA,NA
2019-04-20T19:47:19Z,1.1196890195735921e+18,1119689019573592064,Sub23 ğŸ’šğŸ¦@Sporting_CP buen comienzo ğŸ˜‡a seguir por mÃ¡s ğŸ’ªğŸ½ https://t.co/ZozfeodAJA,Sub23 ğŸ’šğŸ¦@Sporting_CP buen comienzo ğŸ˜‡a seguir por mÃ¡s ğŸ’ªğŸ½ https://t.co/ZozfeodAJA,FALSE,,"<a href=""http://twitter.com/download/iphone"" rel=""nofollow"">Twitter for iPhone</a>",NA,NA,NA,NA,NA,,,,NA,FALSE,81,912,FALSE,NA,FALSE,NA,es,FALSE,NA,55,NA,,NA,NA,,NA,NA,NA,NA,NA,NA,NA,NA,NA,NA
2019-04-10T19:34:14Z,1116061846346375200,1116061846346375168,Completando mi etapa de adaptaciÃ³n como todo ğŸ’šğŸ¦@Sporting_CP esperando poder hacer mi debut pronto con el equipo de primera ğŸ‡µğŸ‡¹ğŸ˜‡ https://t.co/PlzCyc2hP6,Completando mi etapa de adaptaciÃ³n como todo ğŸ’šğŸ¦@Sporting_CP esperando poder hacer mi debut pronto con el equipo de primera ğŸ‡µğŸ‡¹ğŸ˜‡ https://t.co/PlzCyc2hP6,FALSE,,"<a href=""http://twitter.com/download/iphone"" rel=""nofollow"">Twitter for iPhone</a>",NA,NA,NA,NA,NA,,,,NA,FALSE,41,586,FALSE,NA,FALSE,NA,es,FALSE,NA,126,NA,,NA,NA,,NA,NA,NA,NA,NA,NA,NA,NA,NA,NA
2019-04-04T01:54:06Z,1113620730812543e3,1113620730812542977,Bn triunfo equipoğŸ’ªğŸ½ #AtÃ©AoFim ğŸ’šğŸ‡µğŸ‡¹ğŸ¦ https://t.co/NHOJhjLCes,Bn triunfo equipoğŸ’ªğŸ½ #AtÃ©AoFim ğŸ’šğŸ‡µğŸ‡¹ğŸ¦ https://t.co/NHOJhjLCes,FALSE,,"<a href=""http://twitter.com/download/iphone"" rel=""nofollow"">Twitter for iPhone</a>",NA,NA,NA,NA,NA,,,,NA,TRUE,38,426,FALSE,NA,FALSE,NA,es,FALSE,NA,34,NA,,1113566162493825e3,1113566162493825025,,NA,NA,NA,NA,NA,NA,NA,NA,NA,NA
2019-03-09T00:30:03Z,1104177493886619600,1104177493886619648,"Gracias #hermano y a todos @Sporting_CP por esa motiva acogida que me dieron al arribar ğŸ‡µğŸ‡¹como todo un ğŸ¦usare su  camiseta de ğŸ’špara no defraudarlos y representar bien a mi paÃ­s ğŸ‡ªğŸ‡¨ y al equipo @IDV_EC por su formaciÃ³n, siempre agradecido con #Dios ğŸ˜‡. https://t.co/S31rNDQKHG","Gracias #hermano y a todos @Sporting_CP por esa motiva acogida que me dieron al arribar ğŸ‡µğŸ‡¹como todo un ğŸ¦usare su  camiseta de ğŸ’špara no defraudarlos y representar bien a mi paÃ­s ğŸ‡ªğŸ‡¨ y al equipo @IDV_EC por su formaciÃ³n, siempre agradecido con #Dios ğŸ˜‡. https://t.co/S31rNDQKHG",FALSE,,"<a href=""http://twitter.com/download/iphone"" rel=""nofollow"">Twitter for iPhone</a>",NA,NA,NA,NA,NA,,,,NA,TRUE,21,209,FALSE,NA,FALSE,NA,es,FALSE,NA,249,NA,,1104174445080518700,1104174445080518660,,NA,NA,NA,NA,NA,NA,NA,NA,NA,NA
2019-03-07T21:44:12Z,1103773366450823200,1103773366450823168,@maisfutebol Jajaj con la bendiciÃ³n de Dios muy pronto estarÃ© arribando ğŸ¦ğŸ’šğŸ‡µğŸ‡¹ saludos,@maisfutebol Jajaj con la bendiciÃ³n de Dios muy pronto estarÃ© arribando ğŸ¦ğŸ’šğŸ‡µğŸ‡¹ saludos,FALSE,,"<a href=""http://twitter.com/download/iphone"" rel=""nofollow"">Twitter for iPhone</a>",1103728089744457700,1103728089744457728,16951979,16951979,maisfutebol,,,,NA,FALSE,2,14,FALSE,NA,FALSE,NA,es,NA,NA,84,NA,,NA,NA,,NA,NA,NA,NA,NA,NA,NA,NA,NA,NA
2019-03-07T02:33:33Z,1103483798090670100,1103483798090670081,ğŸ‡ªğŸ‡¨â¤ï¸ğŸ’šğŸ‡µğŸ‡¹ğŸ’ªğŸ½buen video âš½ï¸ https://t.co/fBge2PQReq,ğŸ‡ªğŸ‡¨â¤ï¸ğŸ’šğŸ‡µğŸ‡¹ğŸ’ªğŸ½buen video âš½ï¸ https://t.co/fBge2PQReq,FALSE,,"<a href=""http://twitter.com/download/iphone"" rel=""nofollow"">Twitter for iPhone</a>",NA,NA,NA,NA,NA,,,,NA,TRUE,40,254,FALSE,NA,FALSE,NA,es,FALSE,NA,22,NA,,1101322486183014400,1101322486183014400,,NA,NA,NA,NA,NA,NA,NA,NA,NA,NA
2019-03-07T02:29:38Z,1103482810722078700,1103482810722078721,Ya anhelando arribar a tierras #Portuguesas ğŸ›«ğŸ‡µğŸ‡¹ #SCPğŸ’š https://t.co/my58Wpirky,Ya anhelando arribar a tierras #Portuguesas ğŸ›«ğŸ‡µğŸ‡¹ #SCPğŸ’š https://t.co/my58Wpirky,FALSE,,"<a href=""http://twitter.com/download/iphone"" rel=""nofollow"">Twitter for iPhone</a>",NA,NA,NA,NA,NA,,,,NA,TRUE,29,171,FALSE,NA,FALSE,NA,es,FALSE,NA,53,NA,,1103050250346995700,1103050250346995718,,NA,NA,NA,NA,NA,NA,NA,NA,NA,NA
2019-02-14T01:01:55Z,1095850590670868500,1095850590670868488,ğŸ’ªğŸ¾ğŸ’¯âš½ğŸ‡ªğŸ‡¨ https://t.co/LzcN3AVwfb,ğŸ’ªğŸ¾ğŸ’¯âš½ğŸ‡ªğŸ‡¨ https://t.co/LzcN3AVwfb,FALSE,,"<a href=""http://twitter.com/download/android"" rel=""nofollow"">Twitter for Android</a>",NA,NA,NA,NA,NA,,,,NA,TRUE,7,44,FALSE,NA,FALSE,NA,art,FALSE,NA,6,NA,,1095825401950163e3,1095825401950162949,,NA,NA,NA,NA,NA,NA,NA,NA,NA,NA
2019-02-14T00:33:42Z,1095843488430739500,1095843488430739456,"3/3 y dar todo por el club que ha apostado por mÃ­ y por la maravillosa aficiÃ³n que fue todo un sueÃ±o cumplido.
FORÃ‡A SPORTING! â˜˜ï¸ğŸ¦ @Sporting_CP @abolapt @Record_Portugal @FEFecuador @Cristiano @IDV_EC @TyCSports @ECUAGOL @Futbol_Division https://t.co/Dpmql4exQk","3/3 y dar todo por el club que ha apostado por mÃ­ y por la maravillosa aficiÃ³n que fue todo un sueÃ±o cumplido.
FORÃ‡A SPORTING! â˜˜ï¸ğŸ¦ @Sporting_CP @abolapt @Record_Portugal @FEFecuador @Cristiano @IDV_EC @TyCSports @ECUAGOL @Futbol_Division https://t.co/Dpmql4exQk",FALSE,,"<a href=""http://twitter.com/download/android"" rel=""nofollow"">Twitter for Android</a>",NA,NA,NA,NA,NA,,,,NA,FALSE,89,477,FALSE,NA,FALSE,NA,es,FALSE,NA,237,NA,,NA,NA,,NA,NA,NA,NA,NA,NA,NA,NA,NA,NA
2019-02-14T00:21:21Z,1095840380178833400,1095840380178833414,"2/3Para mÃ­ ellos son ejemplo de mi carrera soÃ±ada y era a lo que me referÃ­a cuando hablÃ© en esa entrevista.
Espero ser muy feliz en el @Sporting_CP @abolapt @Record_Portugal @FEFecuador @Cristiano @IDV_EC https://t.co/QiZuzUmHFN","2/3Para mÃ­ ellos son ejemplo de mi carrera soÃ±ada y era a lo que me referÃ­a cuando hablÃ© en esa entrevista.
Espero ser muy feliz en el @Sporting_CP @abolapt @Record_Portugal @FEFecuador @Cristiano @IDV_EC https://t.co/QiZuzUmHFN",FALSE,,"<a href=""http://twitter.com/download/android"" rel=""nofollow"">Twitter for Android</a>",NA,NA,NA,NA,NA,,,,NA,FALSE,59,259,FALSE,NA,FALSE,NA,es,FALSE,NA,204,NA,,NA,NA,,NA,NA,NA,NA,NA,NA,NA,NA,NA,NA
2019-02-14T00:13:39Z,1095838444725723100,1095838444725723137,"1/3 A veces las palabras se mal interpretan. Stoy orgulloso de ser ecuatoriano, haber hecho historia para mi paÃ­s y de haber firmado por uno de los clubes + grandes de Europa y del mundo, como es el @Sporting_CP, donde @Cristiano y #LuisFigo se dieron a conocer. @Record_Portugal","1/3 A veces las palabras se mal interpretan. Stoy orgulloso de ser ecuatoriano, haber hecho historia para mi paÃ­s y de haber firmado por uno de los clubes + grandes de Europa y del mundo, como es el @Sporting_CP, donde @Cristiano y #LuisFigo se dieron a conocer. @Record_Portugal",FALSE,,"<a href=""http://twitter.com/download/android"" rel=""nofollow"">Twitter for Android</a>",NA,NA,NA,NA,NA,,,,NA,FALSE,142,559,FALSE,NA,FALSE,NA,es,NA,NA,279,NA,,NA,NA,,NA,NA,NA,NA,NA,NA,NA,NA,NA,NA
2019-02-11T05:41:11Z,1094833706592862200,1094833706592862208,Objetivo cumplido...#Sub20 #Polonia2019  espera por nosotros #Banda  @Lcampana00 @FEFecuador @IDV_EC @Sporting_CP https://t.co/onVnLIx6xC,Objetivo cumplido...#Sub20 #Polonia2019  espera por nosotros #Banda  @Lcampana00 @FEFecuador @IDV_EC @Sporting_CP https://t.co/onVnLIx6xC,FALSE,,"<a href=""http://twitter.com/download/android"" rel=""nofollow"">Twitter for Android</a>",NA,NA,NA,NA,NA,,,,NA,FALSE,89,684,FALSE,NA,FALSE,NA,es,FALSE,NA,113,NA,,NA,NA,,NA,NA,NA,NA,NA,NA,NA,NA,NA,NA
2019-02-11T02:46:50Z,1094789831236964400,1094789831236964352,Familia ğŸ–¤ https://t.co/g0uVHFti0w,Familia ğŸ–¤ https://t.co/g0uVHFti0w,FALSE,,"<a href=""http://twitter.com/download/android"" rel=""nofollow"">Twitter for Android</a>",NA,NA,NA,NA,NA,,,,NA,TRUE,2,6,FALSE,NA,FALSE,NA,es,FALSE,NA,9,NA,,1093195492341755900,1093195492341755904,,NA,NA,NA,NA,NA,NA,NA,NA,NA,NA
2019-02-11T02:44:46Z,1094789308572229600,1094789308572229632,Que sea lo que #Dios quiera sÃ³lo 15min mÃ¡s https://t.co/aL7RxivEHR,Que sea lo que #Dios quiera sÃ³lo 15min mÃ¡s https://t.co/aL7RxivEHR,FALSE,,"<a href=""http://twitter.com/download/android"" rel=""nofollow"">Twitter for Android</a>",NA,NA,NA,NA,NA,,,,NA,FALSE,162,922,FALSE,NA,FALSE,NA,es,FALSE,NA,42,NA,,NA,NA,,NA,NA,NA,NA,NA,NA,NA,NA,NA,NA
2019-02-11T02:39:26Z,1094787968663994400,1094787968663994368,Buen trabajo #Banda dedicado para todo #Ecuador y la #familia... Seguir trabajando por mÃ¡s https://t.co/xsUwowwD3L,Buen trabajo #Banda dedicado para todo #Ecuador y la #familia... Seguir trabajando por mÃ¡s https://t.co/xsUwowwD3L,FALSE,,"<a href=""http://twitter.com/download/android"" rel=""nofollow"">Twitter for Android</a>",NA,NA,NA,NA,NA,,,,NA,FALSE,6,51,FALSE,NA,FALSE,NA,es,FALSE,NA,90,NA,,NA,NA,,NA,NA,NA,NA,NA,NA,NA,NA,NA,NA
2019-02-05T21:21:15Z,1092895954318041100,1092895954318041089,Dios es grande :-) buen trabajo equipo @FEFecuador https://t.co/BTYHMrBTGv,Dios es grande :-) buen trabajo equipo @FEFecuador https://t.co/BTYHMrBTGv,FALSE,,"<a href=""http://twitter.com/download/android"" rel=""nofollow"">Twitter for Android</a>",NA,NA,NA,NA,NA,,,,NA,FALSE,13,70,FALSE,NA,FALSE,NA,es,FALSE,NA,50,NA,,NA,NA,,NA,NA,NA,NA,NA,NA,NA,NA,NA,NA
2019-02-05T21:05:41Z,1092892038641737700,1092892038641737735,Muy agradecido con Dios y con todo esa gente que ha votado por mi en la nominaciÃ³n #LaRevelacionDelAÃ±o de los @BichitoEC les dejo el Link https://t.co/kAUf1RppDK para los q desean apoyarme @IDV_EC @Sporting_CP @johacalderon11 @AreaDeportivaFM @Chris_Aleman_A @mundodeporfm https://t.co/I9iRlAXmb9,Muy agradecido con Dios y con todo esa gente que ha votado por mi en la nominaciÃ³n #LaRevelacionDelAÃ±o de los @BichitoEC les dejo el Link https://t.co/kAUf1RppDK para los q desean apoyarme @IDV_EC @Sporting_CP @johacalderon11 @AreaDeportivaFM @Chris_Aleman_A @mundodeporfm https://t.co/I9iRlAXmb9,FALSE,,"<a href=""http://twitter.com/download/android"" rel=""nofollow"">Twitter for Android</a>",NA,NA,NA,NA,NA,,,,NA,TRUE,7,39,FALSE,NA,FALSE,NA,es,FALSE,NA,272,NA,,1085882931346853900,1085882931346853888,,NA,NA,NA,NA,NA,NA,NA,NA,NA,NA
